model,fold,MAE,RMSE,R2,parameters
Mean,1,71.14783737888324,83.06628534469615,-0.01573061254512398,{}
Mean,2,66.43152532214565,75.52406371296986,-0.014511692749599181,{}
Mean,3,66.26940365597842,77.7180570923983,-0.0004978134052127103,{}
Mean,4,65.06638061585059,79.03628851058981,-6.403812420296973e-05,{}
Mean,5,66.12362443210499,77.95296282935806,-0.07583956826556215,{}
Linear,1,45.48047204714224,55.5482102635317,0.5457770182651833,{}
Linear,2,46.159437939338886,57.70305113424174,0.4077788511843091,{}
Linear,3,47.35847468391738,59.56155022677065,0.41236959422033925,{}
Linear,4,51.08931792645483,57.91697888789421,0.46298485459101246,{}
Linear,5,44.974824100795836,55.63921843270999,0.45191956169892433,{}
Ridge,1,45.30728284081256,55.76106620134554,0.5422892622863658,"{""reg__alpha"": 10}"
Ridge,2,45.48568826862816,56.41270740166723,0.43396896556161246,"{""reg__alpha"": 10}"
Ridge,3,47.25633866948421,59.30602890500103,0.41740069291784665,"{""reg__alpha"": 10}"
Ridge,4,51.47385585522762,58.20888874489521,0.457557946497135,"{""reg__alpha"": 10}"
Ridge,5,45.18539593528414,55.98696453814754,0.4450471271973021,"{""reg__alpha"": 10}"
Ridge_PCA,1,45.29340303419982,55.85693726119649,0.5407140077432415,"{""pca__n_components"": 0.95, ""reg__alpha"": 10}"
Ridge_PCA,2,44.28688419422861,54.93489156743154,0.4632365937465982,"{""pca__n_components"": 4, ""reg__alpha"": 10}"
Ridge_PCA,3,47.42319737855677,59.267407691691396,0.41815924533111637,"{""pca__n_components"": 4, ""reg__alpha"": 0.1}"
Ridge_PCA,4,51.37305047522262,58.13585549970352,0.4589182696901737,"{""pca__n_components"": 0.95, ""reg__alpha"": 1}"
Ridge_PCA,5,46.25073304701391,56.92879010254398,0.42621899338957314,"{""pca__n_components"": 4, ""reg__alpha"": 10}"
SVR,1,45.45200603150404,56.78706291193746,0.5252906600773439,"{""reg__C"": 100, ""reg__gamma"": 0.01}"
SVR,2,47.01293163672606,57.4495246937912,0.41297143210120857,"{""reg__C"": 100, ""reg__gamma"": 0.01}"
SVR,3,45.745962475893975,58.023099297921036,0.4423340608286348,"{""reg__C"": 100, ""reg__gamma"": 0.01}"
SVR,4,50.696712379413675,57.08934285527526,0.47822313070149025,"{""reg__C"": 100, ""reg__gamma"": 0.01}"
SVR,5,43.9327948451543,54.47855677348401,0.4745475177740345,"{""reg__C"": 100, ""reg__gamma"": 0.01}"
SVR_PCA,1,45.591046586313084,57.023678195150694,0.5213264651043494,"{""pca__n_components"": 8, ""reg__C"": 100, ""reg__gamma"": 0.01}"
SVR_PCA,2,47.14635264441266,57.546549873942304,0.4109869196387125,"{""pca__n_components"": 8, ""reg__C"": 100, ""reg__gamma"": 0.01}"
SVR_PCA,3,45.76247313267793,58.25503948611434,0.4378667481520576,"{""pca__n_components"": 4, ""reg__C"": 100, ""reg__gamma"": 0.01}"
SVR_PCA,4,51.369634465348106,57.995408950953845,0.4615294385692805,"{""pca__n_components"": 6, ""reg__C"": 100, ""reg__gamma"": 0.01}"
SVR_PCA,5,44.75942298633234,55.29630919239273,0.458654476430187,"{""pca__n_components"": 4, ""reg__C"": 100, ""reg__gamma"": 0.01}"
