model,sample_id,target,prediction
Mean,220,78.0,149.09929078014184
Mean,1,75.0,149.09929078014184
Mean,381,104.0,149.09929078014184
Mean,294,55.0,149.09929078014184
Mean,113,297.0,149.09929078014184
Mean,383,88.0,149.09929078014184
Mean,345,139.0,149.09929078014184
Mean,364,262.0,149.09929078014184
Mean,114,258.0,149.09929078014184
Mean,79,113.0,149.09929078014184
Mean,314,147.0,149.09929078014184
Mean,440,220.0,149.09929078014184
Mean,274,66.0,149.09929078014184
Mean,309,142.0,149.09929078014184
Mean,402,168.0,149.09929078014184
Mean,44,259.0,149.09929078014184
Mean,355,60.0,149.09929078014184
Mean,2,141.0,149.09929078014184
Mean,112,246.0,149.09929078014184
Mean,224,77.0,149.09929078014184
Mean,431,66.0,149.09929078014184
Mean,159,195.0,149.09929078014184
Mean,73,111.0,149.09929078014184
Mean,414,131.0,149.09929078014184
Mean,441,57.0,149.09929078014184
Mean,208,155.0,149.09929078014184
Mean,239,262.0,149.09929078014184
Mean,386,72.0,149.09929078014184
Mean,305,124.0,149.09929078014184
Mean,47,142.0,149.09929078014184
Mean,323,248.0,149.09929078014184
Mean,72,202.0,149.09929078014184
Mean,293,200.0,149.09929078014184
Mean,128,115.0,149.09929078014184
Mean,398,242.0,149.09929078014184
Mean,412,261.0,149.09929078014184
Mean,336,306.0,149.09929078014184
Mean,35,102.0,149.09929078014184
Mean,418,84.0,149.09929078014184
Mean,32,341.0,149.09929078014184
Mean,21,49.0,149.09929078014184
Mean,9,310.0,149.09929078014184
Mean,408,189.0,149.09929078014184
Mean,332,270.0,149.09929078014184
Mean,230,220.0,149.09929078014184
Mean,301,65.0,149.09929078014184
Mean,83,210.0,149.09929078014184
Mean,261,103.0,149.09929078014184
Mean,136,85.0,149.09929078014184
Mean,154,197.0,149.09929078014184
Mean,404,293.0,149.09929078014184
Mean,101,102.0,149.09929078014184
Mean,380,52.0,149.09929078014184
Mean,169,152.0,149.09929078014184
Mean,270,202.0,149.09929078014184
Mean,216,248.0,149.09929078014184
Mean,109,81.0,149.09929078014184
Mean,211,70.0,149.09929078014184
Mean,285,233.0,149.09929078014184
Mean,334,72.0,149.09929078014184
Mean,96,150.0,149.09929078014184
Mean,271,127.0,149.09929078014184
Mean,428,310.0,149.09929078014184
Mean,160,53.0,149.09929078014184
Mean,229,53.0,149.09929078014184
Mean,90,98.0,149.09929078014184
Mean,257,63.0,149.09929078014184
Mean,264,145.0,149.09929078014184
Mean,303,236.0,149.09929078014184
Mean,300,275.0,149.09929078014184
Mean,202,196.0,149.09929078014184
Mean,434,49.0,149.36170212765958
Mean,170,47.0,149.36170212765958
Mean,37,276.0,149.36170212765958
Mean,432,173.0,149.36170212765958
Mean,122,180.0,149.36170212765958
Mean,269,87.0,149.36170212765958
Mean,168,268.0,149.36170212765958
Mean,365,206.0,149.36170212765958
Mean,40,100.0,149.36170212765958
Mean,273,241.0,149.36170212765958
Mean,22,68.0,149.36170212765958
Mean,241,177.0,149.36170212765958
Mean,352,77.0,149.36170212765958
Mean,210,191.0,149.36170212765958
Mean,296,89.0,149.36170212765958
Mean,20,68.0,149.36170212765958
Mean,89,111.0,149.36170212765958
Mean,176,237.0,149.36170212765958
Mean,426,120.0,149.36170212765958
Mean,43,92.0,149.36170212765958
Mean,195,122.0,149.36170212765958
Mean,48,75.0,149.36170212765958
Mean,92,48.0,149.36170212765958
Mean,60,61.0,149.36170212765958
Mean,394,273.0,149.36170212765958
Mean,190,292.0,149.36170212765958
Mean,430,183.0,149.36170212765958
Mean,14,118.0,149.36170212765958
Mean,317,190.0,149.36170212765958
Mean,49,142.0,149.36170212765958
Mean,396,43.0,149.36170212765958
Mean,295,85.0,149.36170212765958
Mean,390,277.0,149.36170212765958
Mean,249,215.0,149.36170212765958
Mean,99,83.0,149.36170212765958
Mean,117,281.0,149.36170212765958
Mean,110,104.0,149.36170212765958
Mean,244,187.0,149.36170212765958
Mean,74,85.0,149.36170212765958
Mean,248,258.0,149.36170212765958
Mean,279,200.0,149.36170212765958
Mean,198,142.0,149.36170212765958
Mean,23,245.0,149.36170212765958
Mean,397,198.0,149.36170212765958
Mean,55,128.0,149.36170212765958
Mean,369,167.0,149.36170212765958
Mean,378,245.0,149.36170212765958
Mean,180,107.0,149.36170212765958
Mean,222,252.0,149.36170212765958
Mean,361,182.0,149.36170212765958
Mean,359,311.0,149.36170212765958
Mean,135,272.0,149.36170212765958
Mean,39,90.0,149.36170212765958
Mean,318,109.0,149.36170212765958
Mean,322,242.0,149.36170212765958
Mean,93,96.0,149.36170212765958
Mean,207,202.0,149.36170212765958
Mean,326,131.0,149.36170212765958
Mean,242,71.0,149.36170212765958
Mean,388,110.0,149.36170212765958
Mean,171,74.0,149.36170212765958
Mean,77,200.0,149.36170212765958
Mean,343,113.0,149.36170212765958
Mean,387,201.0,149.36170212765958
Mean,130,274.0,149.36170212765958
Mean,409,181.0,149.36170212765958
Mean,41,55.0,149.36170212765958
Mean,50,155.0,149.36170212765958
Mean,94,90.0,149.36170212765958
Mean,366,233.0,149.36170212765958
Mean,319,191.0,149.36170212765958
Mean,80,143.0,150.82978723404256
Mean,371,197.0,150.82978723404256
Mean,148,96.0,150.82978723404256
Mean,121,173.0,150.82978723404256
Mean,262,308.0,150.82978723404256
Mean,251,243.0,150.82978723404256
Mean,231,154.0,150.82978723404256
Mean,276,283.0,150.82978723404256
Mean,221,93.0,150.82978723404256
Mean,384,69.0,150.82978723404256
Mean,299,83.0,150.82978723404256
Mean,13,185.0,150.82978723404256
Mean,340,216.0,150.82978723404256
Mean,149,126.0,150.82978723404256
Mean,146,178.0,150.82978723404256
Mean,354,272.0,150.82978723404256
Mean,6,138.0,150.82978723404256
Mean,313,163.0,150.82978723404256
Mean,304,253.0,150.82978723404256
Mean,107,144.0,150.82978723404256
Mean,373,168.0,150.82978723404256
Mean,311,180.0,150.82978723404256
Mean,263,116.0,150.82978723404256
Mean,247,51.0,150.82978723404256
Mean,56,52.0,150.82978723404256
Mean,164,214.0,150.82978723404256
Mean,401,93.0,150.82978723404256
Mean,78,252.0,150.82978723404256
Mean,217,296.0,150.82978723404256
Mean,407,140.0,150.82978723404256
Mean,411,136.0,150.82978723404256
Mean,204,277.0,150.82978723404256
Mean,153,71.0,150.82978723404256
Mean,28,131.0,150.82978723404256
Mean,382,132.0,150.82978723404256
Mean,25,202.0,150.82978723404256
Mean,315,97.0,150.82978723404256
Mean,277,64.0,150.82978723404256
Mean,267,115.0,150.82978723404256
Mean,29,283.0,150.82978723404256
Mean,166,70.0,150.82978723404256
Mean,214,65.0,150.82978723404256
Mean,281,94.0,150.82978723404256
Mean,243,47.0,150.82978723404256
Mean,46,190.0,150.82978723404256
Mean,374,140.0,150.82978723404256
Mean,368,123.0,150.82978723404256
Mean,379,40.0,150.82978723404256
Mean,120,200.0,150.82978723404256
Mean,150,288.0,150.82978723404256
Mean,349,88.0,150.82978723404256
Mean,100,128.0,150.82978723404256
Mean,234,246.0,150.82978723404256
Mean,106,134.0,150.82978723404256
Mean,142,235.0,150.82978723404256
Mean,203,222.0,150.82978723404256
Mean,42,61.0,150.82978723404256
Mean,199,90.0,150.82978723404256
Mean,45,53.0,150.82978723404256
Mean,250,303.0,150.82978723404256
Mean,433,72.0,150.82978723404256
Mean,316,220.0,150.82978723404256
Mean,275,94.0,150.82978723404256
Mean,215,263.0,150.82978723404256
Mean,348,148.0,150.82978723404256
Mean,266,45.0,150.82978723404256
Mean,84,65.0,150.82978723404256
Mean,151,88.0,150.82978723404256
Mean,240,275.0,150.82978723404256
Mean,236,67.0,150.82978723404256
Mean,423,91.0,150.82978723404256
Mean,427,67.0,151.30388692579504
Mean,292,84.0,151.30388692579504
Mean,255,153.0,151.30388692579504
Mean,399,232.0,151.30388692579504
Mean,126,99.0,151.30388692579504
Mean,152,292.0,151.30388692579504
Mean,205,99.0,151.30388692579504
Mean,36,265.0,151.30388692579504
Mean,194,86.0,151.30388692579504
Mean,362,321.0,151.30388692579504
Mean,131,158.0,151.30388692579504
Mean,188,141.0,151.30388692579504
Mean,17,144.0,151.30388692579504
Mean,172,295.0,151.30388692579504
Mean,256,346.0,151.30388692579504
Mean,8,110.0,151.30388692579504
Mean,108,232.0,151.30388692579504
Mean,338,214.0,151.30388692579504
Mean,81,51.0,151.30388692579504
Mean,71,270.0,151.30388692579504
Mean,185,101.0,151.30388692579504
Mean,182,138.0,151.30388692579504
Mean,87,134.0,151.30388692579504
Mean,297,31.0,151.30388692579504
Mean,95,162.0,151.30388692579504
Mean,58,170.0,151.30388692579504
Mean,61,144.0,151.30388692579504
Mean,54,182.0,151.30388692579504
Mean,140,118.0,151.30388692579504
Mean,376,121.0,151.30388692579504
Mean,11,69.0,151.30388692579504
Mean,358,90.0,151.30388692579504
Mean,238,257.0,151.30388692579504
Mean,119,200.0,151.30388692579504
Mean,346,139.0,151.30388692579504
Mean,51,225.0,151.30388692579504
Mean,70,48.0,151.30388692579504
Mean,33,87.0,151.30388692579504
Mean,143,60.0,151.30388692579504
Mean,187,143.0,151.30388692579504
Mean,19,168.0,151.30388692579504
Mean,97,279.0,151.30388692579504
Mean,111,59.0,151.30388692579504
Mean,253,150.0,151.30388692579504
Mean,228,160.0,151.30388692579504
Mean,356,54.0,151.30388692579504
Mean,63,128.0,151.30388692579504
Mean,413,113.0,151.30388692579504
Mean,206,196.0,151.30388692579504
Mean,330,244.0,151.30388692579504
Mean,88,42.0,151.30388692579504
Mean,186,137.0,151.30388692579504
Mean,132,107.0,151.30388692579504
Mean,339,95.0,151.30388692579504
Mean,161,217.0,151.30388692579504
Mean,191,178.0,151.30388692579504
Mean,0,151.0,151.30388692579504
Mean,75,42.0,151.30388692579504
Mean,57,37.0,151.30388692579504
Mean,213,49.0,151.30388692579504
Mean,370,63.0,151.30388692579504
Mean,395,258.0,151.30388692579504
Mean,137,280.0,151.30388692579504
Mean,321,230.0,151.30388692579504
Mean,181,64.0,151.30388692579504
Mean,27,85.0,151.30388692579504
Mean,403,275.0,151.30388692579504
Mean,147,128.0,151.30388692579504
Mean,335,96.0,151.30388692579504
Mean,24,184.0,151.30388692579504
Mean,7,63.0,155.2826855123675
Mean,209,77.0,155.2826855123675
Mean,15,171.0,155.2826855123675
Mean,290,332.0,155.2826855123675
Mean,342,178.0,155.2826855123675
Mean,145,259.0,155.2826855123675
Mean,232,259.0,155.2826855123675
Mean,98,92.0,155.2826855123675
Mean,289,68.0,155.2826855123675
Mean,123,84.0,155.2826855123675
Mean,201,39.0,155.2826855123675
Mean,225,208.0,155.2826855123675
Mean,69,178.0,155.2826855123675
Mean,298,129.0,155.2826855123675
Mean,233,90.0,155.2826855123675
Mean,287,219.0,155.2826855123675
Mean,52,59.0,155.2826855123675
Mean,218,214.0,155.2826855123675
Mean,157,84.0,155.2826855123675
Mean,425,152.0,155.2826855123675
Mean,246,78.0,155.2826855123675
Mean,197,129.0,155.2826855123675
Mean,66,150.0,155.2826855123675
Mean,377,235.0,155.2826855123675
Mean,389,51.0,155.2826855123675
Mean,227,108.0,155.2826855123675
Mean,67,97.0,155.2826855123675
Mean,184,265.0,155.2826855123675
Mean,415,174.0,155.2826855123675
Mean,18,97.0,155.2826855123675
Mean,86,55.0,155.2826855123675
Mean,165,59.0,155.2826855123675
Mean,183,185.0,155.2826855123675
Mean,439,132.0,155.2826855123675
Mean,286,60.0,155.2826855123675
Mean,417,55.0,155.2826855123675
Mean,31,59.0,155.2826855123675
Mean,284,156.0,155.2826855123675
Mean,82,52.0,155.2826855123675
Mean,419,42.0,155.2826855123675
Mean,189,79.0,155.2826855123675
Mean,320,122.0,155.2826855123675
Mean,138,336.0,155.2826855123675
Mean,104,95.0,155.2826855123675
Mean,353,109.0,155.2826855123675
Mean,53,104.0,155.2826855123675
Mean,391,63.0,155.2826855123675
Mean,328,78.0,155.2826855123675
Mean,259,50.0,155.2826855123675
Mean,254,310.0,155.2826855123675
Mean,10,101.0,155.2826855123675
Mean,308,114.0,155.2826855123675
Mean,196,72.0,155.2826855123675
Mean,219,185.0,155.2826855123675
Mean,103,198.0,155.2826855123675
Mean,175,127.0,155.2826855123675
Mean,26,137.0,155.2826855123675
Mean,85,141.0,155.2826855123675
Mean,437,178.0,155.2826855123675
Mean,178,81.0,155.2826855123675
Mean,68,160.0,155.2826855123675
Mean,76,170.0,155.2826855123675
Mean,64,71.0,155.2826855123675
Mean,341,263.0,155.2826855123675
Mean,139,281.0,155.2826855123675
Mean,12,179.0,155.2826855123675
Mean,118,179.0,155.2826855123675
Mean,212,73.0,155.2826855123675
Mean,156,25.0,155.2826855123675
Mean,420,146.0,155.2826855123675
Linear,220,78.0,68.58920104764358
Linear,1,75.0,68.69121949633774
Linear,381,104.0,70.63022308373792
Linear,294,55.0,92.09667339714784
Linear,113,297.0,210.67006063987864
Linear,383,88.0,118.55652606818933
Linear,345,139.0,119.63684859900678
Linear,364,262.0,155.84398746093467
Linear,114,258.0,287.1777046991222
Linear,79,113.0,85.61465384352846
Linear,314,147.0,168.9918563201228
Linear,440,220.0,200.7440212742423
Linear,274,66.0,179.6923542008373
Linear,309,142.0,126.53108558250305
Linear,402,168.0,149.54878145362375
Linear,44,259.0,219.13825381906133
Linear,355,60.0,136.53581198357725
Linear,2,141.0,182.51391136108208
Linear,112,246.0,142.2586821551577
Linear,224,77.0,70.47630045015968
Linear,431,66.0,133.01377614361644
Linear,159,195.0,237.786021828257
Linear,73,111.0,120.1152173771578
Linear,414,131.0,151.69219070872208
Linear,441,57.0,27.02048916966264
Linear,208,155.0,225.75808812290606
Linear,239,262.0,161.6976741440537
Linear,386,72.0,109.80780973486162
Linear,305,124.0,129.7541914331897
Linear,47,142.0,110.11643942146073
Linear,323,248.0,213.69333964921384
Linear,72,202.0,128.6555480641523
Linear,293,200.0,172.14694569254846
Linear,128,115.0,90.02333135459179
Linear,398,242.0,159.0725176117332
Linear,412,261.0,234.44973779427895
Linear,336,306.0,220.06683845845444
Linear,35,102.0,74.18358582673049
Linear,418,84.0,84.49417520462721
Linear,32,341.0,262.35752538366376
Linear,21,49.0,91.12766333803097
Linear,9,310.0,199.64053926011152
Linear,408,189.0,213.43992578485776
Linear,332,270.0,292.5956451906178
Linear,230,220.0,133.56373602951285
Linear,301,65.0,129.5442235968688
Linear,83,210.0,149.13993013668488
Linear,261,103.0,136.01716395109082
Linear,136,85.0,58.53003229246123
Linear,154,197.0,149.14546760430622
Linear,404,293.0,208.0172362099541
Linear,101,102.0,115.91370466630782
Linear,380,52.0,189.68045343146022
Linear,169,152.0,215.6703929019534
Linear,270,202.0,203.04240702278787
Linear,216,248.0,215.198175920423
Linear,109,81.0,145.80609644741338
Linear,211,70.0,183.48970413341038
Linear,285,233.0,192.39212798745825
Linear,334,72.0,87.4354624069489
Linear,96,150.0,211.95354207397992
Linear,271,127.0,176.48358371719348
Linear,428,310.0,258.0314804525881
Linear,160,53.0,79.07865723395808
Linear,229,53.0,94.4168254411679
Linear,90,98.0,81.73042633916016
Linear,257,63.0,107.88819110307934
Linear,264,145.0,129.79020346462872
Linear,303,236.0,232.43773581821063
Linear,300,275.0,205.46603400369645
Linear,202,196.0,155.51601868188897
Linear,434,49.0,123.15210065221783
Linear,170,47.0,35.526457131959205
Linear,37,276.0,157.24149762470265
Linear,432,173.0,213.20049761290383
Linear,122,180.0,218.91667403739515
Linear,269,87.0,86.84214101817909
Linear,168,268.0,220.26279906133834
Linear,365,206.0,153.26031009593206
Linear,40,100.0,151.06763391306222
Linear,273,241.0,182.8326873439509
Linear,22,68.0,109.70835535316334
Linear,241,177.0,114.90728399213333
Linear,352,77.0,62.68436748217239
Linear,210,191.0,122.21549834616266
Linear,296,89.0,62.6361357521121
Linear,20,68.0,116.74440636921658
Linear,89,111.0,101.84085802836465
Linear,176,237.0,159.00878060783467
Linear,426,120.0,158.2002864268955
Linear,43,92.0,66.01976206995536
Linear,195,122.0,169.68863292918346
Linear,48,75.0,66.18040964534146
Linear,92,48.0,197.26133358537734
Linear,60,61.0,113.9691255782726
Linear,394,273.0,245.14284589928442
Linear,190,292.0,192.1543658486436
Linear,430,183.0,104.83884934223195
Linear,14,118.0,95.83492475097921
Linear,317,190.0,165.3047194791891
Linear,49,142.0,193.46242210527595
Linear,396,43.0,58.888619133996244
Linear,295,85.0,162.66456283199946
Linear,390,277.0,256.54543159096914
Linear,249,215.0,246.40917766538985
Linear,99,83.0,132.8392761331341
Linear,117,281.0,222.58838470728017
Linear,110,104.0,20.61591354978748
Linear,244,187.0,146.74265646516218
Linear,74,85.0,155.15056274415963
Linear,248,258.0,229.9725083254371
Linear,279,200.0,118.96585470866395
Linear,198,142.0,139.75445235897013
Linear,23,245.0,240.13162284490645
Linear,397,198.0,178.0732680861283
Linear,55,128.0,61.48511813721919
Linear,369,167.0,178.89440159304084
Linear,378,245.0,166.53786694369109
Linear,180,107.0,185.18499652712697
Linear,222,252.0,161.28284841352797
Linear,361,182.0,108.66857699509325
Linear,359,311.0,173.38829416239673
Linear,135,272.0,236.49795017069965
Linear,39,90.0,138.68576760233665
Linear,318,109.0,156.69558668124216
Linear,322,242.0,265.55139132577926
Linear,93,96.0,54.03187502035263
Linear,207,202.0,215.32690880928448
Linear,326,131.0,153.9929234720903
Linear,242,71.0,88.7322692868
Linear,388,110.0,167.06487248121937
Linear,171,74.0,78.72678499639035
Linear,77,200.0,68.22118122534874
Linear,343,113.0,154.58403358659038
Linear,387,201.0,77.37053519224838
Linear,130,274.0,260.25871990772185
Linear,409,181.0,178.1511107447588
Linear,41,55.0,66.7900529767048
Linear,50,155.0,153.43778654237732
Linear,94,90.0,107.62917799290366
Linear,366,233.0,260.46741401011394
Linear,319,191.0,193.12649489300205
Linear,80,143.0,164.637512012113
Linear,371,197.0,194.61308944899037
Linear,148,96.0,108.55599340909143
Linear,121,173.0,200.18086575738803
Linear,262,308.0,259.5575277159863
Linear,251,243.0,272.66396537704173
Linear,231,154.0,155.3741987228018
Linear,276,283.0,171.19839099654592
Linear,221,93.0,140.96745177303205
Linear,384,69.0,99.10929728074478
Linear,299,83.0,128.26399210081058
Linear,13,185.0,166.7027064023612
Linear,340,216.0,153.04618566781684
Linear,149,126.0,190.513375832437
Linear,146,178.0,191.10987336783916
Linear,354,272.0,184.67897502194535
Linear,6,138.0,71.29350851574974
Linear,313,163.0,212.7230045507868
Linear,304,253.0,106.99036683156284
Linear,107,144.0,159.34825638713087
Linear,373,168.0,144.0482403057864
Linear,311,180.0,175.77990601802063
Linear,263,116.0,45.202525304220046
Linear,247,51.0,79.16523852785912
Linear,56,52.0,214.70318030430604
Linear,164,214.0,142.92779619165617
Linear,401,93.0,91.66473732734599
Linear,78,252.0,174.59491335363126
Linear,217,296.0,210.21307484233728
Linear,407,140.0,175.04286661341246
Linear,411,136.0,156.96982140544605
Linear,204,277.0,184.19843283397495
Linear,153,71.0,112.82372226599182
Linear,28,131.0,136.26307407129502
Linear,382,132.0,260.421813959932
Linear,25,202.0,152.4496761008904
Linear,315,97.0,107.82652869146902
Linear,277,64.0,117.7973376121222
Linear,267,115.0,139.97209250281193
Linear,29,283.0,188.93340048045417
Linear,166,70.0,61.97088777411639
Linear,214,65.0,102.65979559027696
Linear,281,94.0,104.21995354575827
Linear,243,47.0,99.10069390946686
Linear,46,190.0,144.69832849265367
Linear,374,140.0,136.04831768220947
Linear,368,123.0,202.98953677962126
Linear,379,40.0,141.22765606109945
Linear,120,200.0,155.04710773032508
Linear,150,288.0,209.68864601801107
Linear,349,88.0,103.88911958273438
Linear,100,128.0,164.90123655872904
Linear,234,246.0,232.84774282030466
Linear,106,134.0,70.52699229180999
Linear,142,235.0,162.97786679472273
Linear,203,222.0,194.0494898180449
Linear,42,61.0,149.90385743937443
Linear,199,90.0,174.16599598361836
Linear,45,53.0,120.38967236894587
Linear,250,303.0,265.12009076680374
Linear,433,72.0,53.071931267719236
Linear,316,220.0,206.61879257987698
Linear,275,94.0,161.5368302013531
Linear,215,263.0,264.4605560032053
Linear,348,148.0,132.32506314567027
Linear,266,45.0,27.39308934656067
Linear,84,65.0,55.83175850856571
Linear,151,88.0,144.0826038655289
Linear,240,275.0,236.38973329843185
Linear,236,67.0,178.27021778309359
Linear,423,91.0,148.91980605456732
Linear,427,67.0,135.4641678164139
Linear,292,84.0,89.72452897103099
Linear,255,153.0,112.85106652202086
Linear,399,232.0,193.08711091211464
Linear,126,99.0,51.191800730305175
Linear,152,292.0,194.98882916158857
Linear,205,99.0,224.2990523076611
Linear,36,265.0,201.43216300324585
Linear,194,86.0,147.14448675871077
Linear,362,321.0,239.5741279889132
Linear,131,158.0,64.61703356105212
Linear,188,141.0,144.74849049853728
Linear,17,144.0,184.1401332933409
Linear,172,295.0,232.1790173327354
Linear,256,346.0,274.8874526119522
Linear,8,110.0,171.62630667636444
Linear,108,232.0,236.22275496319423
Linear,338,214.0,117.30728903163691
Linear,81,51.0,126.44538153389936
Linear,71,270.0,226.81021115663236
Linear,185,101.0,186.48710878580954
Linear,182,138.0,169.12818709566562
Linear,87,134.0,146.66078147783253
Linear,297,31.0,99.98942757226632
Linear,95,162.0,125.55354305846173
Linear,58,170.0,88.04684482754652
Linear,61,144.0,186.71037110953705
Linear,54,182.0,134.48283207138644
Linear,140,118.0,159.4801524700356
Linear,376,121.0,208.67535994037306
Linear,11,69.0,99.60353153098183
Linear,358,90.0,46.169088477154204
Linear,238,257.0,186.43659699666028
Linear,119,200.0,147.9189106307382
Linear,346,139.0,178.06654185586208
Linear,51,225.0,172.85252251614222
Linear,70,48.0,68.39182710839884
Linear,33,87.0,105.52353007083263
Linear,143,60.0,111.35243357413248
Linear,187,143.0,58.4410698901894
Linear,19,168.0,120.67948007656268
Linear,97,279.0,218.5228885846504
Linear,111,59.0,118.88375244378645
Linear,253,150.0,205.39453847879477
Linear,228,160.0,114.87763886857257
Linear,356,54.0,92.60895185593338
Linear,63,128.0,96.53775712239235
Linear,413,113.0,119.28657050015244
Linear,206,196.0,164.6803983030944
Linear,330,244.0,178.25615689319977
Linear,88,42.0,88.33750100901578
Linear,186,137.0,196.6932057233647
Linear,132,107.0,117.86354585477241
Linear,339,95.0,148.3630447993317
Linear,161,217.0,230.13892305161448
Linear,191,178.0,135.96418974679068
Linear,0,151.0,212.52113905525636
Linear,75,42.0,133.53138054180837
Linear,57,37.0,75.68237645113257
Linear,213,49.0,95.44572799836929
Linear,370,63.0,53.87958952827546
Linear,395,258.0,165.03432969698864
Linear,137,280.0,225.10134334983553
Linear,321,230.0,278.65566194411394
Linear,181,64.0,87.3643110653471
Linear,27,85.0,183.8461416734249
Linear,403,275.0,255.77287684301928
Linear,147,128.0,230.72256791651216
Linear,335,96.0,78.71078193288713
Linear,24,184.0,161.12669949502737
Linear,7,63.0,121.32473222932802
Linear,209,77.0,170.54633988937826
Linear,15,171.0,179.17333837901586
Linear,290,332.0,222.11051751380728
Linear,342,178.0,163.3073749568696
Linear,145,259.0,247.18418265550545
Linear,232,259.0,159.48701430551952
Linear,98,92.0,124.349477097964
Linear,289,68.0,197.8926971502972
Linear,123,84.0,184.02269025042318
Linear,201,39.0,71.23315616030894
Linear,225,208.0,227.42206066736566
Linear,69,178.0,120.4374275884802
Linear,298,129.0,105.88067725578647
Linear,233,90.0,147.8281726965244
Linear,287,219.0,146.99265033760616
Linear,52,59.0,137.6793209242207
Linear,218,214.0,132.22335379701383
Linear,157,84.0,123.69454502340785
Linear,425,152.0,112.95367013579099
Linear,246,78.0,119.94774580772562
Linear,197,129.0,187.40069010746691
Linear,66,150.0,151.3777168227367
Linear,377,235.0,172.37680505490462
Linear,389,51.0,82.91064191981401
Linear,227,108.0,104.83674722779142
Linear,67,97.0,124.72001999497644
Linear,184,265.0,199.7519125245574
Linear,415,174.0,176.48780156066323
Linear,18,97.0,149.91433632042856
Linear,86,55.0,48.15740509991578
Linear,165,59.0,80.0173537823625
Linear,183,185.0,152.99260191210072
Linear,439,132.0,122.00377173500883
Linear,286,60.0,83.73441721852295
Linear,417,55.0,159.5353930723254
Linear,31,59.0,70.2637125186983
Linear,284,156.0,156.42841182832862
Linear,82,52.0,70.6620349520762
Linear,419,42.0,83.50237601693101
Linear,189,79.0,114.91703751074334
Linear,320,122.0,195.6400514856482
Linear,138,336.0,256.56857822520874
Linear,104,95.0,161.54637300713227
Linear,353,109.0,153.69349968145167
Linear,53,104.0,157.79714093084164
Linear,391,63.0,58.027086257512735
Linear,328,78.0,195.33351084333637
Linear,259,50.0,139.66254389957786
Linear,254,310.0,252.95561990494605
Linear,10,101.0,94.70615344484942
Linear,308,114.0,90.20983244139258
Linear,196,72.0,101.53651590148537
Linear,219,185.0,144.45488309496676
Linear,103,198.0,161.74372505916173
Linear,175,127.0,117.5730743380465
Linear,26,137.0,96.0975774953116
Linear,85,141.0,171.86972781646506
Linear,437,178.0,189.92778899408125
Linear,178,81.0,103.92541580115304
Linear,68,160.0,115.28632356545903
Linear,76,170.0,190.23755952527205
Linear,64,71.0,112.51446787640582
Linear,341,263.0,186.73610930525223
Linear,139,281.0,251.28171926427314
Linear,12,179.0,116.12043577855627
Linear,118,179.0,165.07359056656293
Linear,212,73.0,151.219192826837
Linear,156,25.0,146.71471743804693
Linear,420,146.0,139.83621803190115
Ridge,220,78.0,77.7057442165009
Ridge,1,75.0,71.62537924596216
Ridge,381,104.0,70.53723099095204
Ridge,294,55.0,99.03763204937714
Ridge,113,297.0,209.26332037066473
Ridge,383,88.0,118.91487519810109
Ridge,345,139.0,120.52236257130178
Ridge,364,262.0,154.39891342372587
Ridge,114,258.0,288.99442570898316
Ridge,79,113.0,89.6428080728464
Ridge,314,147.0,166.27164876538598
Ridge,440,220.0,197.24504335717327
Ridge,274,66.0,176.3037161936163
Ridge,309,142.0,128.2531200499851
Ridge,402,168.0,147.81158276612913
Ridge,44,259.0,214.89436485132092
Ridge,355,60.0,136.17117636831222
Ridge,2,141.0,179.87229236622912
Ridge,112,246.0,141.77367121935498
Ridge,224,77.0,72.09103330469392
Ridge,431,66.0,131.58386637172325
Ridge,159,195.0,233.623439988826
Ridge,73,111.0,120.16287687340983
Ridge,414,131.0,153.52384367619072
Ridge,441,57.0,26.510245730392427
Ridge,208,155.0,222.92887691203293
Ridge,239,262.0,162.44931219624996
Ridge,386,72.0,109.72970818720353
Ridge,305,124.0,126.84910297633093
Ridge,47,142.0,107.45030946158379
Ridge,323,248.0,226.97299043982719
Ridge,72,202.0,134.37374422669097
Ridge,293,200.0,174.27620562814425
Ridge,128,115.0,90.38009887532715
Ridge,398,242.0,158.10684978228255
Ridge,412,261.0,230.98440696171573
Ridge,336,306.0,220.3787583754479
Ridge,35,102.0,73.95192172967259
Ridge,418,84.0,87.07653235138744
Ridge,32,341.0,255.7018659257733
Ridge,21,49.0,96.111783547995
Ridge,9,310.0,197.80322540373322
Ridge,408,189.0,211.0196333371099
Ridge,332,270.0,287.8455377878649
Ridge,230,220.0,137.63225662661185
Ridge,301,65.0,129.98132191960673
Ridge,83,210.0,146.75775769198842
Ridge,261,103.0,132.11610396411442
Ridge,136,85.0,61.92510862039123
Ridge,154,197.0,149.1057310794589
Ridge,404,293.0,205.33865781371838
Ridge,101,102.0,116.89714150661993
Ridge,380,52.0,189.06750456003172
Ridge,169,152.0,230.19632487983193
Ridge,270,202.0,199.08736838019547
Ridge,216,248.0,211.21346011970542
Ridge,109,81.0,147.28018234684163
Ridge,211,70.0,182.4671416280731
Ridge,285,233.0,188.43633354377488
Ridge,334,72.0,90.57677580851654
Ridge,96,150.0,210.129311273166
Ridge,271,127.0,175.20151740652284
Ridge,428,310.0,257.5846116378407
Ridge,160,53.0,81.10907491643859
Ridge,229,53.0,96.15012307407585
Ridge,90,98.0,86.4186184698297
Ridge,257,63.0,106.08063116803322
Ridge,264,145.0,134.0406390176448
Ridge,303,236.0,231.7731878046395
Ridge,300,275.0,202.79286101761298
Ridge,202,196.0,161.24594041339566
Ridge,434,49.0,128.01485925069963
Ridge,170,47.0,52.07159145014188
Ridge,37,276.0,151.36690096285358
Ridge,432,173.0,212.75983973672427
Ridge,122,180.0,217.06805732900946
Ridge,269,87.0,82.49583529498375
Ridge,168,268.0,222.46282822445505
Ridge,365,206.0,150.8269819961119
Ridge,40,100.0,150.9079703054798
Ridge,273,241.0,197.6408205423978
Ridge,22,68.0,115.86112231888717
Ridge,241,177.0,118.53939331788769
Ridge,352,77.0,57.98414194922394
Ridge,210,191.0,123.47954161468468
Ridge,296,89.0,68.0443573626961
Ridge,20,68.0,113.58307580952525
Ridge,89,111.0,99.9118424176485
Ridge,176,237.0,157.6585871326813
Ridge,426,120.0,156.8360274146454
Ridge,43,92.0,70.74030707489784
Ridge,195,122.0,168.187862153973
Ridge,48,75.0,74.52099954674225
Ridge,92,48.0,189.50748976914582
Ridge,60,61.0,115.08016811164542
Ridge,394,273.0,270.32768495807693
Ridge,190,292.0,185.6491736699229
Ridge,430,183.0,103.26167814651001
Ridge,14,118.0,95.13839383429442
Ridge,317,190.0,162.65952278895878
Ridge,49,142.0,187.33996723157685
Ridge,396,43.0,72.33732596676097
Ridge,295,85.0,158.9059456923813
Ridge,390,277.0,268.3302146622907
Ridge,249,215.0,245.14736283318805
Ridge,99,83.0,127.06180032673248
Ridge,117,281.0,226.06034149405284
Ridge,110,104.0,46.235192870578715
Ridge,244,187.0,148.24328891248214
Ridge,74,85.0,153.69301160642055
Ridge,248,258.0,228.92739972564806
Ridge,279,200.0,117.75956142287373
Ridge,198,142.0,147.99423869125593
Ridge,23,245.0,272.2042802727275
Ridge,397,198.0,173.24458038049457
Ridge,55,128.0,67.45885527348304
Ridge,369,167.0,176.7585604200906
Ridge,378,245.0,161.9904540892268
Ridge,180,107.0,179.6094534009195
Ridge,222,252.0,157.26232453690434
Ridge,361,182.0,117.91612285876681
Ridge,359,311.0,170.2919360189311
Ridge,135,272.0,231.77606324864098
Ridge,39,90.0,136.16484903737387
Ridge,318,109.0,153.7733356586303
Ridge,322,242.0,293.4383317398691
Ridge,93,96.0,53.88364846256967
Ridge,207,202.0,211.40800643546282
Ridge,326,131.0,150.85376018674137
Ridge,242,71.0,96.54175862402954
Ridge,388,110.0,162.2678979373006
Ridge,171,74.0,82.42603927743204
Ridge,77,200.0,77.15235180491409
Ridge,343,113.0,159.5205561980474
Ridge,387,201.0,94.01469059269635
Ridge,130,274.0,254.42204437958947
Ridge,409,181.0,173.16763527869227
Ridge,41,55.0,68.26082746883735
Ridge,50,155.0,152.27769981347402
Ridge,94,90.0,105.98243562878363
Ridge,366,233.0,260.87870190488684
Ridge,319,191.0,185.83924645538954
Ridge,80,143.0,162.16524992407005
Ridge,371,197.0,207.1011177341219
Ridge,148,96.0,111.59214398033075
Ridge,121,173.0,196.08154634975
Ridge,262,308.0,254.1854613860744
Ridge,251,243.0,271.73886396793716
Ridge,231,154.0,152.17546780842616
Ridge,276,283.0,172.38374005199637
Ridge,221,93.0,138.85104960462996
Ridge,384,69.0,101.53877269027211
Ridge,299,83.0,127.70283942587724
Ridge,13,185.0,163.2102432572622
Ridge,340,216.0,153.78147215413696
Ridge,149,126.0,184.9201178830448
Ridge,146,178.0,188.84674296326497
Ridge,354,272.0,189.8123564691524
Ridge,6,138.0,77.57730336889156
Ridge,313,163.0,209.8402798967631
Ridge,304,253.0,110.58410839301527
Ridge,107,144.0,162.06500753654373
Ridge,373,168.0,143.51679088391222
Ridge,311,180.0,174.6074841637267
Ridge,263,116.0,52.71040769695648
Ridge,247,51.0,74.93228381661942
Ridge,56,52.0,209.04520458726992
Ridge,164,214.0,136.83516654610602
Ridge,401,93.0,92.8025673237974
Ridge,78,252.0,168.32029359103677
Ridge,217,296.0,208.17197530181528
Ridge,407,140.0,178.45631639188895
Ridge,411,136.0,158.76147880638035
Ridge,204,277.0,181.24828136012607
Ridge,153,71.0,115.90242330613901
Ridge,28,131.0,134.13122214311198
Ridge,382,132.0,265.99199319374895
Ridge,25,202.0,149.08747306866826
Ridge,315,97.0,108.08427685873782
Ridge,277,64.0,114.22144576721207
Ridge,267,115.0,139.49986677925293
Ridge,29,283.0,186.03313743071018
Ridge,166,70.0,67.5310342325217
Ridge,214,65.0,98.96797189660923
Ridge,281,94.0,100.22466281310828
Ridge,243,47.0,100.55064790164569
Ridge,46,190.0,140.53188857189627
Ridge,374,140.0,129.76004925357935
Ridge,368,123.0,204.99450799456278
Ridge,379,40.0,139.69651116028152
Ridge,120,200.0,154.07770333944103
Ridge,150,288.0,207.26146195339703
Ridge,349,88.0,106.19853043246069
Ridge,100,128.0,163.22163906381658
Ridge,234,246.0,230.45291616176223
Ridge,106,134.0,73.53725541954513
Ridge,142,235.0,164.10352681314316
Ridge,203,222.0,190.30972961815831
Ridge,42,61.0,147.20126580500997
Ridge,199,90.0,177.0344060730078
Ridge,45,53.0,119.71770786572566
Ridge,250,303.0,264.0901755615094
Ridge,433,72.0,54.764679662583376
Ridge,316,220.0,205.5045582014157
Ridge,275,94.0,159.39022347193173
Ridge,215,263.0,261.1839913673207
Ridge,348,148.0,127.58774619907372
Ridge,266,45.0,34.980236842721894
Ridge,84,65.0,60.15643231398022
Ridge,151,88.0,140.3654150066857
Ridge,240,275.0,231.63066926690553
Ridge,236,67.0,175.8909517320524
Ridge,423,91.0,144.78314574427787
Ridge,427,67.0,136.17505880938108
Ridge,292,84.0,91.82637536914227
Ridge,255,153.0,110.86541293138725
Ridge,399,232.0,191.04849845807786
Ridge,126,99.0,58.88180474578188
Ridge,152,292.0,192.3444263311738
Ridge,205,99.0,219.05963699708815
Ridge,36,265.0,197.32450781463416
Ridge,194,86.0,143.62716002834165
Ridge,362,321.0,235.47873903611526
Ridge,131,158.0,66.67948882668784
Ridge,188,141.0,144.32364388859577
Ridge,17,144.0,182.93285031784907
Ridge,172,295.0,231.64193527918667
Ridge,256,346.0,267.966785483693
Ridge,8,110.0,171.2968141867812
Ridge,108,232.0,231.0621265210388
Ridge,338,214.0,117.4696784991459
Ridge,81,51.0,125.72048990404795
Ridge,71,270.0,223.87865749587237
Ridge,185,101.0,183.6252610183133
Ridge,182,138.0,168.54594890292574
Ridge,87,134.0,143.69578982901618
Ridge,297,31.0,104.22680308085845
Ridge,95,162.0,122.60821223424108
Ridge,58,170.0,82.98551671386359
Ridge,61,144.0,181.47163343910293
Ridge,54,182.0,136.03090862066927
Ridge,140,118.0,161.05326660180583
Ridge,376,121.0,207.78513531515645
Ridge,11,69.0,109.8222425159123
Ridge,358,90.0,53.011377439755236
Ridge,238,257.0,182.3862069893028
Ridge,119,200.0,143.86420263868956
Ridge,346,139.0,179.8319131615117
Ridge,51,225.0,170.19668416989427
Ridge,70,48.0,73.06744620156695
Ridge,33,87.0,101.63328834457299
Ridge,143,60.0,112.21808914190981
Ridge,187,143.0,63.47511061487093
Ridge,19,168.0,118.4963507471422
Ridge,97,279.0,216.20508511414403
Ridge,111,59.0,118.58132184916315
Ridge,253,150.0,203.98218131484344
Ridge,228,160.0,114.26126533325456
Ridge,356,54.0,93.35822118448266
Ridge,63,128.0,98.53027737439938
Ridge,413,113.0,120.30091947294457
Ridge,206,196.0,162.77710346734875
Ridge,330,244.0,178.08218456761904
Ridge,88,42.0,89.08294739206289
Ridge,186,137.0,192.86873077328985
Ridge,132,107.0,119.40062382366685
Ridge,339,95.0,147.44806072244688
Ridge,161,217.0,232.08662363607323
Ridge,191,178.0,132.31410726912222
Ridge,0,151.0,208.19715082237232
Ridge,75,42.0,132.01401664184672
Ridge,57,37.0,75.95244744204992
Ridge,213,49.0,96.20317959415715
Ridge,370,63.0,57.6186734132844
Ridge,395,258.0,159.52181683158628
Ridge,137,280.0,219.98062283527045
Ridge,321,230.0,280.795330014268
Ridge,181,64.0,89.16478319981785
Ridge,27,85.0,180.973222154887
Ridge,403,275.0,251.72331108868283
Ridge,147,128.0,226.46134018882537
Ridge,335,96.0,81.25208431286207
Ridge,24,184.0,158.67687421634662
Ridge,7,63.0,126.30525095240355
Ridge,209,77.0,168.32414676173443
Ridge,15,171.0,175.82629894739358
Ridge,290,332.0,219.76441895244105
Ridge,342,178.0,165.12499086594542
Ridge,145,259.0,242.18632089085975
Ridge,232,259.0,158.4646859364891
Ridge,98,92.0,123.92742395974716
Ridge,289,68.0,195.96987895858413
Ridge,123,84.0,182.70623112727208
Ridge,201,39.0,75.88843130444977
Ridge,225,208.0,224.13384209644317
Ridge,69,178.0,122.61843860334085
Ridge,298,129.0,106.62845855455473
Ridge,233,90.0,145.50881789577895
Ridge,287,219.0,148.651663511236
Ridge,52,59.0,137.4552194577562
Ridge,218,214.0,130.01675961489693
Ridge,157,84.0,124.05719846705277
Ridge,425,152.0,109.51545431359355
Ridge,246,78.0,119.78979956478044
Ridge,197,129.0,185.37737943173602
Ridge,66,150.0,148.3937954809727
Ridge,377,235.0,168.998856539154
Ridge,389,51.0,83.95994503088589
Ridge,227,108.0,106.18502933796923
Ridge,67,97.0,125.28974393921895
Ridge,184,265.0,196.82659025806743
Ridge,415,174.0,172.7350064315805
Ridge,18,97.0,148.21820021822896
Ridge,86,55.0,58.17045199860337
Ridge,165,59.0,81.4817257138276
Ridge,183,185.0,151.96687713027245
Ridge,439,132.0,125.27655655024259
Ridge,286,60.0,78.33831742315041
Ridge,417,55.0,160.9829765710493
Ridge,31,59.0,71.39874231548012
Ridge,284,156.0,153.87711787729233
Ridge,82,52.0,74.42572491658116
Ridge,419,42.0,87.94432189682215
Ridge,189,79.0,113.91885403441523
Ridge,320,122.0,192.90698223032194
Ridge,138,336.0,251.67608092097754
Ridge,104,95.0,163.22592412599676
Ridge,353,109.0,171.182681458867
Ridge,53,104.0,158.25837718273402
Ridge,391,63.0,64.59158290712338
Ridge,328,78.0,191.11519667651402
Ridge,259,50.0,141.95686153667768
Ridge,254,310.0,262.6918820114382
Ridge,10,101.0,98.37334976132439
Ridge,308,114.0,91.42004613075957
Ridge,196,72.0,102.97991509175635
Ridge,219,185.0,139.49053925532039
Ridge,103,198.0,162.80631772053675
Ridge,175,127.0,118.8011248033956
Ridge,26,137.0,95.96485199264387
Ridge,85,141.0,172.74899968531435
Ridge,437,178.0,188.2314678538002
Ridge,178,81.0,106.52268196171377
Ridge,68,160.0,114.28663128297742
Ridge,76,170.0,188.33212920224565
Ridge,64,71.0,112.44712738063407
Ridge,341,263.0,186.39418884427783
Ridge,139,281.0,246.34863834947703
Ridge,12,179.0,116.14088738104591
Ridge,118,179.0,164.2307484011884
Ridge,212,73.0,150.7550115702784
Ridge,156,25.0,145.08041865148556
Ridge,420,146.0,141.90025732469758
Ridge_PCA,220,78.0,80.21560652057566
Ridge_PCA,1,75.0,73.85169718229054
Ridge_PCA,381,104.0,69.11684902210392
Ridge_PCA,294,55.0,99.7434076378137
Ridge_PCA,113,297.0,208.19810539286334
Ridge_PCA,383,88.0,117.69546150163575
Ridge_PCA,345,139.0,120.16233702415195
Ridge_PCA,364,262.0,153.76157716158005
Ridge_PCA,114,258.0,290.81676062098967
Ridge_PCA,79,113.0,90.89984513454728
Ridge_PCA,314,147.0,166.0086619644146
Ridge_PCA,440,220.0,196.37520902170527
Ridge_PCA,274,66.0,175.07501569081487
Ridge_PCA,309,142.0,126.50898821529151
Ridge_PCA,402,168.0,148.09178349293916
Ridge_PCA,44,259.0,215.2520777100322
Ridge_PCA,355,60.0,136.30213698836977
Ridge_PCA,2,141.0,179.30415365390803
Ridge_PCA,112,246.0,141.18901422154383
Ridge_PCA,224,77.0,71.18402755750202
Ridge_PCA,431,66.0,131.50769037748108
Ridge_PCA,159,195.0,232.30803829117917
Ridge_PCA,73,111.0,119.92305354297224
Ridge_PCA,414,131.0,153.54739724064066
Ridge_PCA,441,57.0,27.703315970264782
Ridge_PCA,208,155.0,222.8603693190682
Ridge_PCA,239,262.0,162.43523254009176
Ridge_PCA,386,72.0,109.93327875290048
Ridge_PCA,305,124.0,126.75509918775549
Ridge_PCA,47,142.0,105.90697338202725
Ridge_PCA,323,248.0,233.00867301028865
Ridge_PCA,72,202.0,134.37753153571774
Ridge_PCA,293,200.0,175.05850378129938
Ridge_PCA,128,115.0,89.50538477145125
Ridge_PCA,398,242.0,156.28155298606848
Ridge_PCA,412,261.0,231.02045182571828
Ridge_PCA,336,306.0,223.133309284158
Ridge_PCA,35,102.0,73.96271494241753
Ridge_PCA,418,84.0,86.91258664400506
Ridge_PCA,32,341.0,258.1126831054439
Ridge_PCA,21,49.0,96.96214114325059
Ridge_PCA,9,310.0,196.79272275917202
Ridge_PCA,408,189.0,210.3970780685704
Ridge_PCA,332,270.0,287.7501698112961
Ridge_PCA,230,220.0,136.68700692323716
Ridge_PCA,301,65.0,130.03392335288126
Ridge_PCA,83,210.0,145.57600609926646
Ridge_PCA,261,103.0,133.81849257281684
Ridge_PCA,136,85.0,62.281408762563444
Ridge_PCA,154,197.0,147.8426732921062
Ridge_PCA,404,293.0,204.9807989918503
Ridge_PCA,101,102.0,117.06404072395578
Ridge_PCA,380,52.0,189.55743077828214
Ridge_PCA,169,152.0,235.35634499692804
Ridge_PCA,270,202.0,198.17144567688928
Ridge_PCA,216,248.0,213.4577302354536
Ridge_PCA,109,81.0,147.5088688054921
Ridge_PCA,211,70.0,181.65337351535914
Ridge_PCA,285,233.0,189.7580462663189
Ridge_PCA,334,72.0,90.97878246277759
Ridge_PCA,96,150.0,209.96340955880126
Ridge_PCA,271,127.0,174.57349493055685
Ridge_PCA,428,310.0,257.67617458484426
Ridge_PCA,160,53.0,79.91004890247807
Ridge_PCA,229,53.0,95.34067187540573
Ridge_PCA,90,98.0,87.87026540186126
Ridge_PCA,257,63.0,105.42118774376266
Ridge_PCA,264,145.0,134.37662228739515
Ridge_PCA,303,236.0,231.6875458323397
Ridge_PCA,300,275.0,201.82898840609502
Ridge_PCA,202,196.0,161.28128795806154
Ridge_PCA,434,49.0,143.24810313898246
Ridge_PCA,170,47.0,62.29420349511324
Ridge_PCA,37,276.0,153.27394113539188
Ridge_PCA,432,173.0,234.47060612545567
Ridge_PCA,122,180.0,221.8116793631246
Ridge_PCA,269,87.0,72.80955630275321
Ridge_PCA,168,268.0,246.70138827891336
Ridge_PCA,365,206.0,179.87722474003937
Ridge_PCA,40,100.0,169.04836158760776
Ridge_PCA,273,241.0,196.1076055213095
Ridge_PCA,22,68.0,119.75681225932391
Ridge_PCA,241,177.0,133.9231303654292
Ridge_PCA,352,77.0,49.515064142539956
Ridge_PCA,210,191.0,109.77808272171987
Ridge_PCA,296,89.0,74.02823196241987
Ridge_PCA,20,68.0,126.46811387961418
Ridge_PCA,89,111.0,110.19193079543984
Ridge_PCA,176,237.0,155.12125199052767
Ridge_PCA,426,120.0,171.85010844515836
Ridge_PCA,43,92.0,100.87751943109468
Ridge_PCA,195,122.0,170.2388125741585
Ridge_PCA,48,75.0,75.32895430772933
Ridge_PCA,92,48.0,177.39929244675844
Ridge_PCA,60,61.0,113.9880632172294
Ridge_PCA,394,273.0,265.73797810197425
Ridge_PCA,190,292.0,186.4948987583269
Ridge_PCA,430,183.0,114.87826375993642
Ridge_PCA,14,118.0,84.48113752094419
Ridge_PCA,317,190.0,178.13675052330734
Ridge_PCA,49,142.0,179.71286267002566
Ridge_PCA,396,43.0,73.98278101549104
Ridge_PCA,295,85.0,149.89026923381337
Ridge_PCA,390,277.0,265.3355558927878
Ridge_PCA,249,215.0,233.93903174234384
Ridge_PCA,99,83.0,119.44250884502125
Ridge_PCA,117,281.0,254.27053930936273
Ridge_PCA,110,104.0,71.97760464504869
Ridge_PCA,244,187.0,143.6005943081676
Ridge_PCA,74,85.0,157.49577379727978
Ridge_PCA,248,258.0,228.8328211361655
Ridge_PCA,279,200.0,109.7727374834836
Ridge_PCA,198,142.0,145.08111596950212
Ridge_PCA,23,245.0,292.67414540049225
Ridge_PCA,397,198.0,183.6074996174849
Ridge_PCA,55,128.0,83.50040224971782
Ridge_PCA,369,167.0,192.83014809345664
Ridge_PCA,378,245.0,150.1689386856553
Ridge_PCA,180,107.0,170.58134955095287
Ridge_PCA,222,252.0,152.39629023105192
Ridge_PCA,361,182.0,133.01348405638393
Ridge_PCA,359,311.0,180.35544855801882
Ridge_PCA,135,272.0,249.03349262398552
Ridge_PCA,39,90.0,137.58509073231806
Ridge_PCA,318,109.0,160.314793929507
Ridge_PCA,322,242.0,302.4928776527473
Ridge_PCA,93,96.0,56.27185821251969
Ridge_PCA,207,202.0,208.9859302327331
Ridge_PCA,326,131.0,159.57363759036303
Ridge_PCA,242,71.0,85.58836428646694
Ridge_PCA,388,110.0,143.11210044201448
Ridge_PCA,171,74.0,94.28999153411047
Ridge_PCA,77,200.0,95.80088415955584
Ridge_PCA,343,113.0,158.52623227808212
Ridge_PCA,387,201.0,103.15625346668352
Ridge_PCA,130,274.0,245.50743930822938
Ridge_PCA,409,181.0,160.09702720421282
Ridge_PCA,41,55.0,86.49745699962409
Ridge_PCA,50,155.0,159.72527104830766
Ridge_PCA,94,90.0,86.57273093420274
Ridge_PCA,366,233.0,257.40685807378145
Ridge_PCA,319,191.0,192.18759510413764
Ridge_PCA,80,143.0,153.10461003893246
Ridge_PCA,371,197.0,186.72476576524843
Ridge_PCA,148,96.0,120.02248275736886
Ridge_PCA,121,173.0,190.31618042230136
Ridge_PCA,262,308.0,250.69472954219486
Ridge_PCA,251,243.0,275.40817436878393
Ridge_PCA,231,154.0,154.2930796400025
Ridge_PCA,276,283.0,163.9987134629367
Ridge_PCA,221,93.0,135.46861849874136
Ridge_PCA,384,69.0,89.25608703592542
Ridge_PCA,299,83.0,124.54059659573136
Ridge_PCA,13,185.0,152.44970550373225
Ridge_PCA,340,216.0,162.24913442455028
Ridge_PCA,149,126.0,168.31719475911956
Ridge_PCA,146,178.0,188.64574460072384
Ridge_PCA,354,272.0,196.54244128497373
Ridge_PCA,6,138.0,82.791043070762
Ridge_PCA,313,163.0,195.7174876242826
Ridge_PCA,304,253.0,113.5565394790472
Ridge_PCA,107,144.0,163.29737591772337
Ridge_PCA,373,168.0,155.27486055684054
Ridge_PCA,311,180.0,165.54154727056243
Ridge_PCA,263,116.0,65.55958170216927
Ridge_PCA,247,51.0,63.94006170290709
Ridge_PCA,56,52.0,200.86381972052283
Ridge_PCA,164,214.0,126.18398206641001
Ridge_PCA,401,93.0,101.84785858584968
Ridge_PCA,78,252.0,143.2191144679452
Ridge_PCA,217,296.0,210.7004698139818
Ridge_PCA,407,140.0,182.80207708351926
Ridge_PCA,411,136.0,154.3868740627671
Ridge_PCA,204,277.0,185.17384896128542
Ridge_PCA,153,71.0,123.49752804396492
Ridge_PCA,28,131.0,113.37702869705691
Ridge_PCA,382,132.0,252.01457135810355
Ridge_PCA,25,202.0,142.67145256253428
Ridge_PCA,315,97.0,106.43590878828084
Ridge_PCA,277,64.0,122.37949360193772
Ridge_PCA,267,115.0,133.57105090581837
Ridge_PCA,29,283.0,180.75590540457614
Ridge_PCA,166,70.0,60.30222344187118
Ridge_PCA,214,65.0,85.78433767067277
Ridge_PCA,281,94.0,103.21318774843303
Ridge_PCA,243,47.0,96.69565232530998
Ridge_PCA,46,190.0,125.7999725673505
Ridge_PCA,374,140.0,118.35795966887852
Ridge_PCA,368,123.0,211.6091940264282
Ridge_PCA,379,40.0,150.33818282395967
Ridge_PCA,120,200.0,160.11097158583158
Ridge_PCA,150,288.0,204.48589749633845
Ridge_PCA,349,88.0,97.89325680242061
Ridge_PCA,100,128.0,155.29773144374366
Ridge_PCA,234,246.0,229.4196877116856
Ridge_PCA,106,134.0,74.13800402685717
Ridge_PCA,142,235.0,155.3731820705467
Ridge_PCA,203,222.0,193.9201534737249
Ridge_PCA,42,61.0,144.77317651798114
Ridge_PCA,199,90.0,166.1019764866498
Ridge_PCA,45,53.0,109.98633575212999
Ridge_PCA,250,303.0,256.62929937132185
Ridge_PCA,433,72.0,62.377483804067595
Ridge_PCA,316,220.0,199.61453643090465
Ridge_PCA,275,94.0,171.43272668789487
Ridge_PCA,215,263.0,275.1864496665652
Ridge_PCA,348,148.0,123.44870510458468
Ridge_PCA,266,45.0,52.99164789910422
Ridge_PCA,84,65.0,38.43913441979258
Ridge_PCA,151,88.0,136.5960849284278
Ridge_PCA,240,275.0,225.14722304054666
Ridge_PCA,236,67.0,173.1345860190026
Ridge_PCA,423,91.0,134.9149092166096
Ridge_PCA,427,67.0,136.06112865746996
Ridge_PCA,292,84.0,94.48379846040052
Ridge_PCA,255,153.0,108.74189247464162
Ridge_PCA,399,232.0,189.1077904729998
Ridge_PCA,126,99.0,59.63333608945638
Ridge_PCA,152,292.0,192.4789023974889
Ridge_PCA,205,99.0,221.58427602916123
Ridge_PCA,36,265.0,197.66501814032864
Ridge_PCA,194,86.0,140.65468995130433
Ridge_PCA,362,321.0,236.90864323917418
Ridge_PCA,131,158.0,64.60271341469027
Ridge_PCA,188,141.0,142.97401550447057
Ridge_PCA,17,144.0,180.9066277431518
Ridge_PCA,172,295.0,232.77019941641993
Ridge_PCA,256,346.0,271.8214976829064
Ridge_PCA,8,110.0,170.3533124970823
Ridge_PCA,108,232.0,231.7715316553926
Ridge_PCA,338,214.0,114.92196229602294
Ridge_PCA,81,51.0,124.43518515064667
Ridge_PCA,71,270.0,222.47327434081438
Ridge_PCA,185,101.0,182.7080005525035
Ridge_PCA,182,138.0,167.32893802784588
Ridge_PCA,87,134.0,143.66508701943297
Ridge_PCA,297,31.0,104.6147416288062
Ridge_PCA,95,162.0,119.58478763252685
Ridge_PCA,58,170.0,86.188393808797
Ridge_PCA,61,144.0,182.2279492906029
Ridge_PCA,54,182.0,136.15207144140277
Ridge_PCA,140,118.0,159.74161372407207
Ridge_PCA,376,121.0,208.03302625018569
Ridge_PCA,11,69.0,113.68781645340611
Ridge_PCA,358,90.0,53.54013291999115
Ridge_PCA,238,257.0,183.51009660248323
Ridge_PCA,119,200.0,142.24185319461162
Ridge_PCA,346,139.0,177.6782534670552
Ridge_PCA,51,225.0,169.95006601998
Ridge_PCA,70,48.0,73.4501118111968
Ridge_PCA,33,87.0,103.8849104290965
Ridge_PCA,143,60.0,113.51378686266504
Ridge_PCA,187,143.0,65.86266151416915
Ridge_PCA,19,168.0,117.36845819917258
Ridge_PCA,97,279.0,216.411612328565
Ridge_PCA,111,59.0,118.84485917281232
Ridge_PCA,253,150.0,202.97755364889522
Ridge_PCA,228,160.0,114.28192594260136
Ridge_PCA,356,54.0,92.55898434053327
Ridge_PCA,63,128.0,95.81373364011765
Ridge_PCA,413,113.0,119.60457695557875
Ridge_PCA,206,196.0,161.94054325282767
Ridge_PCA,330,244.0,179.23288361656375
Ridge_PCA,88,42.0,87.45661998419888
Ridge_PCA,186,137.0,194.4664923880385
Ridge_PCA,132,107.0,115.86606564770469
Ridge_PCA,339,95.0,144.96176908748782
Ridge_PCA,161,217.0,232.53218437138918
Ridge_PCA,191,178.0,129.0785730901987
Ridge_PCA,0,151.0,208.14148019423314
Ridge_PCA,75,42.0,128.72916152607203
Ridge_PCA,57,37.0,77.43946022984312
Ridge_PCA,213,49.0,93.07855466757019
Ridge_PCA,370,63.0,59.156393709272564
Ridge_PCA,395,258.0,160.0176563232304
Ridge_PCA,137,280.0,221.38927545615206
Ridge_PCA,321,230.0,288.0645186094385
Ridge_PCA,181,64.0,87.94956348471217
Ridge_PCA,27,85.0,181.53107129035186
Ridge_PCA,403,275.0,253.0273084250187
Ridge_PCA,147,128.0,226.9767500827906
Ridge_PCA,335,96.0,81.9980168520378
Ridge_PCA,24,184.0,160.4101963365668
Ridge_PCA,7,63.0,123.2629661597045
Ridge_PCA,209,77.0,163.66364355641025
Ridge_PCA,15,171.0,159.06321239770878
Ridge_PCA,290,332.0,219.21316308831243
Ridge_PCA,342,178.0,165.64410395120694
Ridge_PCA,145,259.0,218.66623212248322
Ridge_PCA,232,259.0,163.9110662457269
Ridge_PCA,98,92.0,108.69205691975262
Ridge_PCA,289,68.0,182.9279774648459
Ridge_PCA,123,84.0,196.74692948312887
Ridge_PCA,201,39.0,87.36852004487568
Ridge_PCA,225,208.0,213.9535679872281
Ridge_PCA,69,178.0,137.2391748067308
Ridge_PCA,298,129.0,111.42366340834624
Ridge_PCA,233,90.0,140.5113422946305
Ridge_PCA,287,219.0,149.28947747852703
Ridge_PCA,52,59.0,137.9140363711805
Ridge_PCA,218,214.0,138.2392963302857
Ridge_PCA,157,84.0,131.29829436271208
Ridge_PCA,425,152.0,108.8200646154913
Ridge_PCA,246,78.0,111.21263288341409
Ridge_PCA,197,129.0,186.1759207567268
Ridge_PCA,66,150.0,157.23414551387725
Ridge_PCA,377,235.0,153.87189260777714
Ridge_PCA,389,51.0,71.13224355659153
Ridge_PCA,227,108.0,102.80429140860491
Ridge_PCA,67,97.0,127.85925363444608
Ridge_PCA,184,265.0,203.340689863914
Ridge_PCA,415,174.0,179.63151231828445
Ridge_PCA,18,97.0,152.4062261869788
Ridge_PCA,86,55.0,68.68528697702232
Ridge_PCA,165,59.0,91.25099844506954
Ridge_PCA,183,185.0,157.8795813589716
Ridge_PCA,439,132.0,131.526960366903
Ridge_PCA,286,60.0,82.29984912416175
Ridge_PCA,417,55.0,167.82739939377228
Ridge_PCA,31,59.0,75.40802844572167
Ridge_PCA,284,156.0,141.67055902833823
Ridge_PCA,82,52.0,66.571432082791
Ridge_PCA,419,42.0,102.9544703901091
Ridge_PCA,189,79.0,116.29106947216061
Ridge_PCA,320,122.0,192.3502033743719
Ridge_PCA,138,336.0,247.90854579770883
Ridge_PCA,104,95.0,151.70411043121274
Ridge_PCA,353,109.0,174.2506425779154
Ridge_PCA,53,104.0,167.95969045830714
Ridge_PCA,391,63.0,73.61921269832598
Ridge_PCA,328,78.0,196.521857871688
Ridge_PCA,259,50.0,150.22253022754572
Ridge_PCA,254,310.0,264.0411406115946
Ridge_PCA,10,101.0,103.67721024262845
Ridge_PCA,308,114.0,85.51990765615145
Ridge_PCA,196,72.0,114.57762802503835
Ridge_PCA,219,185.0,137.23452361949217
Ridge_PCA,103,198.0,154.06495448834758
Ridge_PCA,175,127.0,128.3658428374355
Ridge_PCA,26,137.0,105.05039816398867
Ridge_PCA,85,141.0,157.802418118755
Ridge_PCA,437,178.0,179.76353471969497
Ridge_PCA,178,81.0,106.43771020615658
Ridge_PCA,68,160.0,119.22630504693504
Ridge_PCA,76,170.0,184.96564108642045
Ridge_PCA,64,71.0,118.81083624249428
Ridge_PCA,341,263.0,175.22233447382217
Ridge_PCA,139,281.0,234.6555125316264
Ridge_PCA,12,179.0,112.52561661488743
Ridge_PCA,118,179.0,172.16106647962403
Ridge_PCA,212,73.0,150.6539251582433
Ridge_PCA,156,25.0,141.07678092297658
Ridge_PCA,420,146.0,164.72546882967342
SVR,220,78.0,61.401462548444556
SVR,1,75.0,72.64628050472223
SVR,381,104.0,68.89748148530376
SVR,294,55.0,79.57870528304173
SVR,113,297.0,222.7196048081243
SVR,383,88.0,107.2887706297215
SVR,345,139.0,101.66114578420449
SVR,364,262.0,159.7810108449612
SVR,114,258.0,293.64317370009826
SVR,79,113.0,95.57732792946048
SVR,314,147.0,155.72059613283798
SVR,440,220.0,190.40552049704303
SVR,274,66.0,177.03700024148372
SVR,309,142.0,132.58313322629968
SVR,402,168.0,143.8584767283696
SVR,44,259.0,199.64806628029342
SVR,355,60.0,127.39864624058025
SVR,2,141.0,165.39198190211124
SVR,112,246.0,140.06916886301173
SVR,224,77.0,84.01098360617729
SVR,431,66.0,123.7729627664737
SVR,159,195.0,235.15117634882728
SVR,73,111.0,102.20416613999434
SVR,414,131.0,130.26923259599607
SVR,441,57.0,61.161343913637154
SVR,208,155.0,239.9941366213785
SVR,239,262.0,160.558253556372
SVR,386,72.0,106.55075571089645
SVR,305,124.0,103.14142114487807
SVR,47,142.0,120.16144500819658
SVR,323,248.0,223.72996332472673
SVR,72,202.0,119.72255150699411
SVR,293,200.0,171.15852414012934
SVR,128,115.0,93.1258823407334
SVR,398,242.0,140.32800622996223
SVR,412,261.0,241.11067702069437
SVR,336,306.0,200.3509850665218
SVR,35,102.0,78.04550992709453
SVR,418,84.0,82.86836775624721
SVR,32,341.0,248.62774990258708
SVR,21,49.0,86.08270522915072
SVR,9,310.0,194.99403854681896
SVR,408,189.0,217.5352846198857
SVR,332,270.0,295.6266971301005
SVR,230,220.0,134.37164286291824
SVR,301,65.0,126.89055837983956
SVR,83,210.0,140.41292236973175
SVR,261,103.0,142.67479721886815
SVR,136,85.0,82.15702136856902
SVR,154,197.0,135.24303923902227
SVR,404,293.0,203.24577689335416
SVR,101,102.0,115.7289608047954
SVR,380,52.0,182.15770775388188
SVR,169,152.0,228.3338735585616
SVR,270,202.0,199.20291743769016
SVR,216,248.0,202.99129567100522
SVR,109,81.0,155.38643082547205
SVR,211,70.0,173.34735226959185
SVR,285,233.0,174.78075518777095
SVR,334,72.0,79.3083976278233
SVR,96,150.0,212.04113646151183
SVR,271,127.0,167.64070299565304
SVR,428,310.0,281.5679124675271
SVR,160,53.0,83.35777672886073
SVR,229,53.0,84.85189563537111
SVR,90,98.0,85.70519772253863
SVR,257,63.0,95.55405358528783
SVR,264,145.0,114.3177635246935
SVR,303,236.0,225.9186846066844
SVR,300,275.0,201.6265978102217
SVR,202,196.0,138.93915481522072
SVR,434,49.0,121.17564972226656
SVR,170,47.0,36.0735390116819
SVR,37,276.0,140.04400503276196
SVR,432,173.0,222.43211375549322
SVR,122,180.0,232.83797147727387
SVR,269,87.0,79.83418776007059
SVR,168,268.0,246.72571563365847
SVR,365,206.0,157.8028739930412
SVR,40,100.0,162.7094928980002
SVR,273,241.0,212.04088296751263
SVR,22,68.0,118.06715760304775
SVR,241,177.0,115.24922934086388
SVR,352,77.0,52.59401249618861
SVR,210,191.0,111.61836055484717
SVR,296,89.0,64.94331475149671
SVR,20,68.0,115.15725507494975
SVR,89,111.0,97.61624757364305
SVR,176,237.0,154.61856737736628
SVR,426,120.0,172.71522435629927
SVR,43,92.0,70.55865208789349
SVR,195,122.0,169.09481681164124
SVR,48,75.0,61.48459569375788
SVR,92,48.0,187.3732722597926
SVR,60,61.0,116.10256817969866
SVR,394,273.0,271.66111612370423
SVR,190,292.0,186.852537240754
SVR,430,183.0,105.0023244325464
SVR,14,118.0,84.87699046527187
SVR,317,190.0,167.3159259917242
SVR,49,142.0,182.53520964755813
SVR,396,43.0,66.78879314337964
SVR,295,85.0,139.37823389622108
SVR,390,277.0,282.64167319697935
SVR,249,215.0,244.50255420461835
SVR,99,83.0,125.29045030916522
SVR,117,281.0,244.88058759017872
SVR,110,104.0,37.49780477767635
SVR,244,187.0,126.4477356950596
SVR,74,85.0,155.07171617463848
SVR,248,258.0,218.24986342536081
SVR,279,200.0,99.13500717892774
SVR,198,142.0,143.44176285589137
SVR,23,245.0,299.29850657809476
SVR,397,198.0,168.40495717906964
SVR,55,128.0,69.87127721047335
SVR,369,167.0,176.1691711321128
SVR,378,245.0,151.5569556772945
SVR,180,107.0,173.13029611028873
SVR,222,252.0,143.73388806163774
SVR,361,182.0,110.84966859579924
SVR,359,311.0,179.1467479832964
SVR,135,272.0,236.94939320368815
SVR,39,90.0,121.4969836149503
SVR,318,109.0,150.10705472539172
SVR,322,242.0,305.64848131205446
SVR,93,96.0,65.97673156987048
SVR,207,202.0,208.99626654213478
SVR,326,131.0,151.2355889891603
SVR,242,71.0,93.69333601669746
SVR,388,110.0,152.97909805948098
SVR,171,74.0,90.85976038800945
SVR,77,200.0,90.9346080127737
SVR,343,113.0,159.57476501843854
SVR,387,201.0,101.57806456016773
SVR,130,274.0,258.3579672548773
SVR,409,181.0,168.44574041631228
SVR,41,55.0,94.22793047497083
SVR,50,155.0,144.94350921062826
SVR,94,90.0,112.72342245495427
SVR,366,233.0,261.97174492790543
SVR,319,191.0,183.63658957213306
SVR,80,143.0,156.01227932373587
SVR,371,197.0,208.67322938896575
SVR,148,96.0,96.53371111843639
SVR,121,173.0,195.4393809661136
SVR,262,308.0,247.63547300283267
SVR,251,243.0,263.3918345858982
SVR,231,154.0,148.89973156860682
SVR,276,283.0,162.50807642879062
SVR,221,93.0,136.28348429298342
SVR,384,69.0,97.60702691992456
SVR,299,83.0,120.27209466066289
SVR,13,185.0,152.31181659401437
SVR,340,216.0,150.0015541951296
SVR,149,126.0,168.0666293112206
SVR,146,178.0,178.50029270686957
SVR,354,272.0,193.84754011551271
SVR,6,138.0,67.16077479698998
SVR,313,163.0,209.93854149287628
SVR,304,253.0,115.93391959668368
SVR,107,144.0,158.77672298123457
SVR,373,168.0,140.2877189215493
SVR,311,180.0,172.8196391590062
SVR,263,116.0,50.84339323492719
SVR,247,51.0,85.39717244476824
SVR,56,52.0,200.94498643763558
SVR,164,214.0,131.24522431123978
SVR,401,93.0,98.3191134597199
SVR,78,252.0,170.36102204376732
SVR,217,296.0,211.80077627551702
SVR,407,140.0,173.66883551652037
SVR,411,136.0,150.83344648493716
SVR,204,277.0,200.01471079361824
SVR,153,71.0,117.87407436172508
SVR,28,131.0,132.8086289529186
SVR,382,132.0,264.31773570404386
SVR,25,202.0,133.00627938581
SVR,315,97.0,101.0455210701622
SVR,277,64.0,116.9076127395954
SVR,267,115.0,138.58731348459824
SVR,29,283.0,196.03399087812227
SVR,166,70.0,71.47096729892348
SVR,214,65.0,102.76194180080338
SVR,281,94.0,94.39030111924012
SVR,243,47.0,91.7034911788228
SVR,46,190.0,136.54488990645075
SVR,374,140.0,134.72760853328083
SVR,368,123.0,211.08378467012255
SVR,379,40.0,143.5299334134361
SVR,120,200.0,147.94173367240577
SVR,150,288.0,201.4080614333143
SVR,349,88.0,107.91950588113424
SVR,100,128.0,154.22900951497047
SVR,234,246.0,234.98919406402803
SVR,106,134.0,91.1066903313914
SVR,142,235.0,162.91619296847188
SVR,203,222.0,190.12988631079375
SVR,42,61.0,130.71005128069083
SVR,199,90.0,179.0463644685354
SVR,45,53.0,110.52348563897911
SVR,250,303.0,265.78120683109125
SVR,433,72.0,56.77907104553361
SVR,316,220.0,205.8967718920891
SVR,275,94.0,159.8963020889853
SVR,215,263.0,273.6231917905907
SVR,348,148.0,121.77555049994322
SVR,266,45.0,41.47158769418209
SVR,84,65.0,75.8840443005349
SVR,151,88.0,131.38817170666098
SVR,240,275.0,233.75682099129403
SVR,236,67.0,170.69754160780633
SVR,423,91.0,140.842487099077
SVR,427,67.0,122.35953292686406
SVR,292,84.0,92.27384470150405
SVR,255,153.0,106.98226517689734
SVR,399,232.0,190.51501765903555
SVR,126,99.0,72.92761235587008
SVR,152,292.0,204.92179260112732
SVR,205,99.0,208.17411839110213
SVR,36,265.0,189.6041119997036
SVR,194,86.0,143.27522761966713
SVR,362,321.0,231.9087991734707
SVR,131,158.0,74.5857160448665
SVR,188,141.0,139.73408398663696
SVR,17,144.0,186.2807099285606
SVR,172,295.0,239.01804692584506
SVR,256,346.0,244.5669598811617
SVR,8,110.0,155.37798497329388
SVR,108,232.0,225.633663439433
SVR,338,214.0,108.19889256603156
SVR,81,51.0,113.37765457848154
SVR,71,270.0,229.93853319733202
SVR,185,101.0,169.39208020331301
SVR,182,138.0,175.66415461490163
SVR,87,134.0,137.91931640323546
SVR,297,31.0,93.19979856913147
SVR,95,162.0,124.38210957287761
SVR,58,170.0,104.11981692649728
SVR,61,144.0,171.61648869154257
SVR,54,182.0,120.46462487076508
SVR,140,118.0,154.05073772254232
SVR,376,121.0,212.91577308537165
SVR,11,69.0,105.20868323879543
SVR,358,90.0,61.20296321996426
SVR,238,257.0,180.80607786184532
SVR,119,200.0,142.89923915974288
SVR,346,139.0,191.21260486956737
SVR,51,225.0,161.19031256110432
SVR,70,48.0,75.81462228133762
SVR,33,87.0,114.61385075571508
SVR,143,60.0,96.87700096018084
SVR,187,143.0,84.9409851318681
SVR,19,168.0,103.91458124726077
SVR,97,279.0,211.73578370118122
SVR,111,59.0,103.29910090620072
SVR,253,150.0,215.62576025381836
SVR,228,160.0,101.06637472943271
SVR,356,54.0,74.7081766836776
SVR,63,128.0,89.09957466627682
SVR,413,113.0,105.66664858229643
SVR,206,196.0,150.16115011351496
SVR,330,244.0,177.50856711858015
SVR,88,42.0,82.59410965640186
SVR,186,137.0,183.84147234692125
SVR,132,107.0,107.57312034179587
SVR,339,95.0,140.35596659713227
SVR,161,217.0,249.3918528307222
SVR,191,178.0,122.62984500238055
SVR,0,151.0,195.1763216162048
SVR,75,42.0,117.93699220779202
SVR,57,37.0,95.47873610405911
SVR,213,49.0,91.23105475879966
SVR,370,63.0,58.99779023899026
SVR,395,258.0,146.50427747672893
SVR,137,280.0,216.90088855169665
SVR,321,230.0,298.45380148532456
SVR,181,64.0,83.03231808142715
SVR,27,85.0,166.7733247195219
SVR,403,275.0,241.16095707645397
SVR,147,128.0,215.27061814011276
SVR,335,96.0,75.15385207003897
SVR,24,184.0,143.53512979915314
SVR,7,63.0,118.91245572728891
SVR,209,77.0,162.29552471804868
SVR,15,171.0,160.7876490883578
SVR,290,332.0,218.16102633859316
SVR,342,178.0,159.10356786637652
SVR,145,259.0,223.87112981791051
SVR,232,259.0,151.80245418075373
SVR,98,92.0,102.97323683233307
SVR,289,68.0,176.34557176420054
SVR,123,84.0,183.36225337119552
SVR,201,39.0,64.90922405071254
SVR,225,208.0,220.33224223006704
SVR,69,178.0,126.78769619037371
SVR,298,129.0,99.04699972299122
SVR,233,90.0,131.5762870864038
SVR,287,219.0,140.00348018361666
SVR,52,59.0,131.0958486046295
SVR,218,214.0,139.37699993119358
SVR,157,84.0,115.74187795139011
SVR,425,152.0,123.229377630101
SVR,246,78.0,113.78299803834022
SVR,197,129.0,186.46909800959554
SVR,66,150.0,140.92131344467055
SVR,377,235.0,149.51466906450278
SVR,389,51.0,64.57602717663136
SVR,227,108.0,101.31443567430522
SVR,67,97.0,112.4927198756386
SVR,184,265.0,199.71765865778815
SVR,415,174.0,170.7677121671883
SVR,18,97.0,147.44273363453786
SVR,86,55.0,57.89482541425812
SVR,165,59.0,86.85147027981638
SVR,183,185.0,156.78898195723517
SVR,439,132.0,114.83491503919865
SVR,286,60.0,88.48645616311444
SVR,417,55.0,150.30124840039213
SVR,31,59.0,81.70878314801381
SVR,284,156.0,144.29328136948652
SVR,82,52.0,69.67092160640917
SVR,419,42.0,93.40530208790481
SVR,189,79.0,113.81979769303216
SVR,320,122.0,185.00366700357586
SVR,138,336.0,252.66224734960025
SVR,104,95.0,146.87844656564477
SVR,353,109.0,183.72266700196207
SVR,53,104.0,159.7903271237912
SVR,391,63.0,76.84059488670104
SVR,328,78.0,183.94474948435348
SVR,259,50.0,142.57345047322684
SVR,254,310.0,272.4634621929408
SVR,10,101.0,118.931513768785
SVR,308,114.0,96.51883158006204
SVR,196,72.0,101.03088036820056
SVR,219,185.0,145.52626373512913
SVR,103,198.0,143.83557385975365
SVR,175,127.0,119.48589955822717
SVR,26,137.0,113.0354683834097
SVR,85,141.0,152.77248713054053
SVR,437,178.0,183.20197183613698
SVR,178,81.0,93.67837091772024
SVR,68,160.0,103.47232570128274
SVR,76,170.0,173.01369157127593
SVR,64,71.0,107.17898356474393
SVR,341,263.0,170.44500795264406
SVR,139,281.0,245.8587836810588
SVR,12,179.0,107.7927342950225
SVR,118,179.0,159.83108015212127
SVR,212,73.0,145.4065700464252
SVR,156,25.0,139.40272348546307
SVR,420,146.0,149.72866683419488
SVR_PCA,220,78.0,61.88385962744863
SVR_PCA,1,75.0,74.59775375140079
SVR_PCA,381,104.0,66.77618173389716
SVR_PCA,294,55.0,78.4588826660607
SVR_PCA,113,297.0,221.87899541170492
SVR_PCA,383,88.0,105.56222592718682
SVR_PCA,345,139.0,100.0307433809743
SVR_PCA,364,262.0,158.86598664554708
SVR_PCA,114,258.0,294.9884809564952
SVR_PCA,79,113.0,96.84565444440723
SVR_PCA,314,147.0,155.9904167311799
SVR_PCA,440,220.0,190.06358717071998
SVR_PCA,274,66.0,176.85068503741752
SVR_PCA,309,142.0,130.40307883992867
SVR_PCA,402,168.0,143.5879095559319
SVR_PCA,44,259.0,199.80823429155805
SVR_PCA,355,60.0,127.79711623851138
SVR_PCA,2,141.0,164.55390575541986
SVR_PCA,112,246.0,139.97699458257654
SVR_PCA,224,77.0,82.30309971629748
SVR_PCA,431,66.0,124.19817743547036
SVR_PCA,159,195.0,235.10353002418213
SVR_PCA,73,111.0,101.33740700268699
SVR_PCA,414,131.0,128.71496317763666
SVR_PCA,441,57.0,62.10355946830272
SVR_PCA,208,155.0,240.9865481180739
SVR_PCA,239,262.0,160.30686481508604
SVR_PCA,386,72.0,107.19793828040528
SVR_PCA,305,124.0,102.7270706060401
SVR_PCA,47,142.0,119.5575110634323
SVR_PCA,323,248.0,226.69712759008218
SVR_PCA,72,202.0,117.95195641240136
SVR_PCA,293,200.0,171.99842984795708
SVR_PCA,128,115.0,92.67616354728682
SVR_PCA,398,242.0,137.88012694665866
SVR_PCA,412,261.0,242.07429240360963
SVR_PCA,336,306.0,202.20233756334233
SVR_PCA,35,102.0,77.413792025284
SVR_PCA,418,84.0,82.30874256035287
SVR_PCA,32,341.0,252.38091939176937
SVR_PCA,21,49.0,86.01933088126123
SVR_PCA,9,310.0,194.42721311413632
SVR_PCA,408,189.0,217.96678969795104
SVR_PCA,332,270.0,296.3071990074768
SVR_PCA,230,220.0,132.30276879909258
SVR_PCA,301,65.0,127.30818893326737
SVR_PCA,83,210.0,139.6460321779988
SVR_PCA,261,103.0,146.1648868516814
SVR_PCA,136,85.0,82.57545653640781
SVR_PCA,154,197.0,133.12885362842462
SVR_PCA,404,293.0,204.39328673610154
SVR_PCA,101,102.0,116.61116982174319
SVR_PCA,380,52.0,183.68426139273788
SVR_PCA,169,152.0,230.683796126586
SVR_PCA,270,202.0,199.6889508418629
SVR_PCA,216,248.0,205.54397476075243
SVR_PCA,109,81.0,154.94954806603425
SVR_PCA,211,70.0,172.94631291362123
SVR_PCA,285,233.0,176.31121079776588
SVR_PCA,334,72.0,78.88698958248776
SVR_PCA,96,150.0,211.84538589609159
SVR_PCA,271,127.0,167.2416474774263
SVR_PCA,428,310.0,281.772869243437
SVR_PCA,160,53.0,81.31310502338641
SVR_PCA,229,53.0,83.12882157719555
SVR_PCA,90,98.0,86.37998683120884
SVR_PCA,257,63.0,95.64220679591489
SVR_PCA,264,145.0,112.73789198247727
SVR_PCA,303,236.0,226.10937987978474
SVR_PCA,300,275.0,200.6414918176547
SVR_PCA,202,196.0,137.22384723480945
SVR_PCA,434,49.0,120.77089561733854
SVR_PCA,170,47.0,36.37651975217469
SVR_PCA,37,276.0,140.10810895144883
SVR_PCA,432,173.0,222.5728987432896
SVR_PCA,122,180.0,232.43198897623384
SVR_PCA,269,87.0,79.74179984846394
SVR_PCA,168,268.0,246.17907413875906
SVR_PCA,365,206.0,156.7373908442632
SVR_PCA,40,100.0,162.40294061448824
SVR_PCA,273,241.0,211.61132991275684
SVR_PCA,22,68.0,118.00894439025795
SVR_PCA,241,177.0,115.13590331918995
SVR_PCA,352,77.0,52.236184903533
SVR_PCA,210,191.0,111.66379269506862
SVR_PCA,296,89.0,64.15726784790682
SVR_PCA,20,68.0,114.13422416452399
SVR_PCA,89,111.0,97.62745495536532
SVR_PCA,176,237.0,154.5978795753412
SVR_PCA,426,120.0,171.88231413839384
SVR_PCA,43,92.0,69.81550100745011
SVR_PCA,195,122.0,168.94210939315323
SVR_PCA,48,75.0,60.994277567695676
SVR_PCA,92,48.0,187.5992320064855
SVR_PCA,60,61.0,116.17620975683953
SVR_PCA,394,273.0,273.1563729504651
SVR_PCA,190,292.0,186.51368085098233
SVR_PCA,430,183.0,104.53513929785748
SVR_PCA,14,118.0,84.93401193258461
SVR_PCA,317,190.0,166.58897185269413
SVR_PCA,49,142.0,182.82427975080526
SVR_PCA,396,43.0,67.48056667840169
SVR_PCA,295,85.0,139.64905315716305
SVR_PCA,390,277.0,283.56872245299047
SVR_PCA,249,215.0,245.14747755499536
SVR_PCA,99,83.0,124.88718890377973
SVR_PCA,117,281.0,243.6185931076136
SVR_PCA,110,104.0,37.344482484157055
SVR_PCA,244,187.0,127.67583862685282
SVR_PCA,74,85.0,154.97798976931512
SVR_PCA,248,258.0,218.32459172268744
SVR_PCA,279,200.0,98.62464455479683
SVR_PCA,198,142.0,143.99221330300128
SVR_PCA,23,245.0,300.4390141388404
SVR_PCA,397,198.0,167.64588926400728
SVR_PCA,55,128.0,70.22990407851458
SVR_PCA,369,167.0,176.42681773424056
SVR_PCA,378,245.0,151.41753301468566
SVR_PCA,180,107.0,173.35419406440178
SVR_PCA,222,252.0,143.19003649073866
SVR_PCA,361,182.0,110.14852235777249
SVR_PCA,359,311.0,178.78605273282182
SVR_PCA,135,272.0,237.28258529694756
SVR_PCA,39,90.0,121.5511566880904
SVR_PCA,318,109.0,149.43099309967357
SVR_PCA,322,242.0,307.2071941825426
SVR_PCA,93,96.0,65.63797828131356
SVR_PCA,207,202.0,208.968159278696
SVR_PCA,326,131.0,150.82248195904054
SVR_PCA,242,71.0,94.1078497619517
SVR_PCA,388,110.0,152.2553042400565
SVR_PCA,171,74.0,90.13928085306104
SVR_PCA,77,200.0,90.86770247033043
SVR_PCA,343,113.0,159.80088593517902
SVR_PCA,387,201.0,102.66830552098862
SVR_PCA,130,274.0,259.2925171899245
SVR_PCA,409,181.0,168.41932860957408
SVR_PCA,41,55.0,94.26573224210267
SVR_PCA,50,155.0,144.12142456839314
SVR_PCA,94,90.0,113.56302919721668
SVR_PCA,366,233.0,263.07554138501337
SVR_PCA,319,191.0,183.77199970307294
SVR_PCA,80,143.0,148.53509502268412
SVR_PCA,371,197.0,192.62201349448287
SVR_PCA,148,96.0,109.66967645680336
SVR_PCA,121,173.0,189.20549332105534
SVR_PCA,262,308.0,258.3729739881822
SVR_PCA,251,243.0,277.1444892746907
SVR_PCA,231,154.0,145.6698218830262
SVR_PCA,276,283.0,155.65448481047451
SVR_PCA,221,93.0,126.24285346780559
SVR_PCA,384,69.0,86.7574695909705
SVR_PCA,299,83.0,116.66075927658805
SVR_PCA,13,185.0,146.07104560617364
SVR_PCA,340,216.0,156.106179953834
SVR_PCA,149,126.0,162.1949871402043
SVR_PCA,146,178.0,186.35917251396327
SVR_PCA,354,272.0,195.71701200914333
SVR_PCA,6,138.0,73.35281089400216
SVR_PCA,313,163.0,203.3033377399699
SVR_PCA,304,253.0,117.87992697060184
SVR_PCA,107,144.0,155.9747438408468
SVR_PCA,373,168.0,147.20927755639735
SVR_PCA,311,180.0,160.62369861546733
SVR_PCA,263,116.0,61.14575774174642
SVR_PCA,247,51.0,69.34236682020588
SVR_PCA,56,52.0,195.5010872569735
SVR_PCA,164,214.0,120.12463698607293
SVR_PCA,401,93.0,97.22868933201057
SVR_PCA,78,252.0,132.3388307323694
SVR_PCA,217,296.0,215.05550303822196
SVR_PCA,407,140.0,176.93720392933693
SVR_PCA,411,136.0,146.50719979424974
SVR_PCA,204,277.0,197.47242850051992
SVR_PCA,153,71.0,122.71377675522355
SVR_PCA,28,131.0,102.6987873332681
SVR_PCA,382,132.0,253.3640345779695
SVR_PCA,25,202.0,134.84590440271054
SVR_PCA,315,97.0,96.31827499471247
SVR_PCA,277,64.0,117.44140630931766
SVR_PCA,267,115.0,125.14164028087364
SVR_PCA,29,283.0,188.006590596257
SVR_PCA,166,70.0,62.72670297714714
SVR_PCA,214,65.0,88.51373523555898
SVR_PCA,281,94.0,93.66661578883667
SVR_PCA,243,47.0,87.63653335181735
SVR_PCA,46,190.0,119.95486753834311
SVR_PCA,374,140.0,121.59438845034536
SVR_PCA,368,123.0,215.1973064924892
SVR_PCA,379,40.0,144.81266152141905
SVR_PCA,120,200.0,151.01229137492277
SVR_PCA,150,288.0,200.98424086160117
SVR_PCA,349,88.0,90.40884608564389
SVR_PCA,100,128.0,146.0157021636066
SVR_PCA,234,246.0,231.76713198352246
SVR_PCA,106,134.0,80.99195119674908
SVR_PCA,142,235.0,156.1517258377375
SVR_PCA,203,222.0,197.46153785372968
SVR_PCA,42,61.0,134.37778396265344
SVR_PCA,199,90.0,160.96400793113455
SVR_PCA,45,53.0,102.5367412148797
SVR_PCA,250,303.0,262.92873626038886
SVR_PCA,433,72.0,62.0323757299291
SVR_PCA,316,220.0,201.82837354877805
SVR_PCA,275,94.0,168.26425815482077
SVR_PCA,215,263.0,285.5003696665334
SVR_PCA,348,148.0,115.55570243227277
SVR_PCA,266,45.0,54.25155087317873
SVR_PCA,84,65.0,50.00911904377011
SVR_PCA,151,88.0,127.06656860242379
SVR_PCA,240,275.0,234.8874879607519
SVR_PCA,236,67.0,167.2396140722397
SVR_PCA,423,91.0,134.96363933648098
SVR_PCA,427,67.0,127.2663753705583
SVR_PCA,292,84.0,94.94532407136137
SVR_PCA,255,153.0,100.02044171436276
SVR_PCA,399,232.0,187.3244797090368
SVR_PCA,126,99.0,75.5268916448459
SVR_PCA,152,292.0,209.6143262339229
SVR_PCA,205,99.0,198.40111282062793
SVR_PCA,36,265.0,178.12467034445461
SVR_PCA,194,86.0,136.18679156452987
SVR_PCA,362,321.0,238.90992955840977
SVR_PCA,131,158.0,69.24835001327514
SVR_PCA,188,141.0,137.6349537502578
SVR_PCA,17,144.0,185.48447036490114
SVR_PCA,172,295.0,238.82579898319534
SVR_PCA,256,346.0,256.17761375619
SVR_PCA,8,110.0,157.78739768428352
SVR_PCA,108,232.0,227.32187994328655
SVR_PCA,338,214.0,101.39276693377084
SVR_PCA,81,51.0,110.25497517156194
SVR_PCA,71,270.0,237.26245298865683
SVR_PCA,185,101.0,157.4676482437905
SVR_PCA,182,138.0,176.65391127120773
SVR_PCA,87,134.0,123.7444856985912
SVR_PCA,297,31.0,98.60260056070351
SVR_PCA,95,162.0,120.09346365515343
SVR_PCA,58,170.0,87.7292704909053
SVR_PCA,61,144.0,169.4764913367288
SVR_PCA,54,182.0,124.76296520476609
SVR_PCA,140,118.0,159.13166247895745
SVR_PCA,376,121.0,215.19623235844256
SVR_PCA,11,69.0,113.70706459740268
SVR_PCA,358,90.0,60.297344124472374
SVR_PCA,238,257.0,179.72926035110947
SVR_PCA,119,200.0,135.6908331038386
SVR_PCA,346,139.0,191.62643170068287
SVR_PCA,51,225.0,160.18893880838775
SVR_PCA,70,48.0,78.04410659814019
SVR_PCA,33,87.0,110.35614795634277
SVR_PCA,143,60.0,95.74394731866457
SVR_PCA,187,143.0,84.48446530919628
SVR_PCA,19,168.0,96.69517048321748
SVR_PCA,97,279.0,220.96178664739438
SVR_PCA,111,59.0,99.92019556581451
SVR_PCA,253,150.0,218.2029800837539
SVR_PCA,228,160.0,98.98849503794261
SVR_PCA,356,54.0,66.61797950740785
SVR_PCA,63,128.0,84.93726165523341
SVR_PCA,413,113.0,108.7198701678077
SVR_PCA,206,196.0,147.90019560089578
SVR_PCA,330,244.0,182.45221346231898
SVR_PCA,88,42.0,82.9378861524333
SVR_PCA,186,137.0,180.460649184971
SVR_PCA,132,107.0,106.24679741218853
SVR_PCA,339,95.0,134.17381499041022
SVR_PCA,161,217.0,258.7899403509228
SVR_PCA,191,178.0,118.11141996571486
SVR_PCA,0,151.0,194.60294576010318
SVR_PCA,75,42.0,113.84687275118009
SVR_PCA,57,37.0,95.53969326174388
SVR_PCA,213,49.0,86.87349395092286
SVR_PCA,370,63.0,56.92823572492759
SVR_PCA,395,258.0,134.04185218567454
SVR_PCA,137,280.0,216.42849516437693
SVR_PCA,321,230.0,304.7194198304665
SVR_PCA,181,64.0,78.86333866687428
SVR_PCA,27,85.0,174.25988553504445
SVR_PCA,403,275.0,242.1497147273616
SVR_PCA,147,128.0,219.7833870308115
SVR_PCA,335,96.0,70.92106215070547
SVR_PCA,24,184.0,143.4626088115345
SVR_PCA,7,63.0,117.10842320437092
SVR_PCA,209,77.0,155.7397180631791
SVR_PCA,15,171.0,142.74971036508936
SVR_PCA,290,332.0,221.74723833078804
SVR_PCA,342,178.0,162.34853557188325
SVR_PCA,145,259.0,222.3379564841568
SVR_PCA,232,259.0,151.21128181544458
SVR_PCA,98,92.0,94.71802886062648
SVR_PCA,289,68.0,170.71741535829688
SVR_PCA,123,84.0,174.34540610569832
SVR_PCA,201,39.0,73.34241171602459
SVR_PCA,225,208.0,213.96245120098843
SVR_PCA,69,178.0,130.56058455162457
SVR_PCA,298,129.0,101.66231496716989
SVR_PCA,233,90.0,134.56975207773485
SVR_PCA,287,219.0,138.6309307133589
SVR_PCA,52,59.0,131.52828171988304
SVR_PCA,218,214.0,132.10742109554832
SVR_PCA,157,84.0,115.8698039288662
SVR_PCA,425,152.0,124.35965311203333
SVR_PCA,246,78.0,102.21473746403245
SVR_PCA,197,129.0,185.82628369045918
SVR_PCA,66,150.0,143.07264908163933
SVR_PCA,377,235.0,138.83483655414867
SVR_PCA,389,51.0,64.17163030891794
SVR_PCA,227,108.0,99.0809570186368
SVR_PCA,67,97.0,114.0451931380796
SVR_PCA,184,265.0,203.8814961335861
SVR_PCA,415,174.0,172.42423239718988
SVR_PCA,18,97.0,150.4039632466957
SVR_PCA,86,55.0,66.89795276235785
SVR_PCA,165,59.0,91.69179949509608
SVR_PCA,183,185.0,156.64247162332657
SVR_PCA,439,132.0,120.32393772867987
SVR_PCA,286,60.0,89.41855096790538
SVR_PCA,417,55.0,171.26745100802623
SVR_PCA,31,59.0,82.16430998964493
SVR_PCA,284,156.0,130.72635039083127
SVR_PCA,82,52.0,67.97325161784674
SVR_PCA,419,42.0,102.1994758645123
SVR_PCA,189,79.0,105.87758998633683
SVR_PCA,320,122.0,182.4945502868315
SVR_PCA,138,336.0,259.19062833907134
SVR_PCA,104,95.0,150.68591705515246
SVR_PCA,353,109.0,168.1632635759479
SVR_PCA,53,104.0,163.4207105413044
SVR_PCA,391,63.0,80.70558816386277
SVR_PCA,328,78.0,199.12168986055963
SVR_PCA,259,50.0,141.37601694520046
SVR_PCA,254,310.0,272.8975255080975
SVR_PCA,10,101.0,111.88310802540249
SVR_PCA,308,114.0,88.93939681703954
SVR_PCA,196,72.0,105.84794249140047
SVR_PCA,219,185.0,140.60361225200083
SVR_PCA,103,198.0,142.05131038045957
SVR_PCA,175,127.0,119.45913128107651
SVR_PCA,26,137.0,114.80243049636536
SVR_PCA,85,141.0,152.98616922091531
SVR_PCA,437,178.0,178.5910551726696
SVR_PCA,178,81.0,97.8680126924134
SVR_PCA,68,160.0,105.08801356183817
SVR_PCA,76,170.0,178.03237768039287
SVR_PCA,64,71.0,108.4274025840741
SVR_PCA,341,263.0,170.27560636909539
SVR_PCA,139,281.0,240.32193583947455
SVR_PCA,12,179.0,104.34596286161036
SVR_PCA,118,179.0,161.09731359339452
SVR_PCA,212,73.0,147.60498690975436
SVR_PCA,156,25.0,136.33092692842314
SVR_PCA,420,146.0,156.3414343680379
