sample_id,fold
220,1
1,1
381,1
294,1
113,1
383,1
345,1
364,1
114,1
79,1
314,1
440,1
274,1
309,1
402,1
44,1
355,1
2,1
112,1
224,1
431,1
159,1
73,1
414,1
441,1
208,1
239,1
386,1
305,1
47,1
323,1
72,1
293,1
128,1
398,1
412,1
336,1
35,1
418,1
32,1
21,1
9,1
408,1
332,1
230,1
301,1
83,1
261,1
136,1
154,1
404,1
101,1
380,1
169,1
270,1
216,1
109,1
211,1
285,1
334,1
96,1
271,1
428,1
160,1
229,1
90,1
257,1
264,1
303,1
300,1
202,1
434,2
170,2
37,2
432,2
122,2
269,2
168,2
365,2
40,2
273,2
22,2
241,2
352,2
210,2
296,2
20,2
89,2
176,2
426,2
43,2
195,2
48,2
92,2
60,2
394,2
190,2
430,2
14,2
317,2
49,2
396,2
295,2
390,2
249,2
99,2
117,2
110,2
244,2
74,2
248,2
279,2
198,2
23,2
397,2
55,2
369,2
378,2
180,2
222,2
361,2
359,2
135,2
39,2
318,2
322,2
93,2
207,2
326,2
242,2
388,2
171,2
77,2
343,2
387,2
130,2
409,2
41,2
50,2
94,2
366,2
319,2
80,3
371,3
148,3
121,3
262,3
251,3
231,3
276,3
221,3
384,3
299,3
13,3
340,3
149,3
146,3
354,3
6,3
313,3
304,3
107,3
373,3
311,3
263,3
247,3
56,3
164,3
401,3
78,3
217,3
407,3
411,3
204,3
153,3
28,3
382,3
25,3
315,3
277,3
267,3
29,3
166,3
214,3
281,3
243,3
46,3
374,3
368,3
379,3
120,3
150,3
349,3
100,3
234,3
106,3
142,3
203,3
42,3
199,3
45,3
250,3
433,3
316,3
275,3
215,3
348,3
266,3
84,3
151,3
240,3
236,3
423,3
427,4
292,4
255,4
399,4
126,4
152,4
205,4
36,4
194,4
362,4
131,4
188,4
17,4
172,4
256,4
8,4
108,4
338,4
81,4
71,4
185,4
182,4
87,4
297,4
95,4
58,4
61,4
54,4
140,4
376,4
11,4
358,4
238,4
119,4
346,4
51,4
70,4
33,4
143,4
187,4
19,4
97,4
111,4
253,4
228,4
356,4
63,4
413,4
206,4
330,4
88,4
186,4
132,4
339,4
161,4
191,4
0,4
75,4
57,4
213,4
370,4
395,4
137,4
321,4
181,4
27,4
403,4
147,4
335,4
24,4
7,5
209,5
15,5
290,5
342,5
145,5
232,5
98,5
289,5
123,5
201,5
225,5
69,5
298,5
233,5
287,5
52,5
218,5
157,5
425,5
246,5
197,5
66,5
377,5
389,5
227,5
67,5
184,5
415,5
18,5
86,5
165,5
183,5
439,5
286,5
417,5
31,5
284,5
82,5
419,5
189,5
320,5
138,5
104,5
353,5
53,5
391,5
328,5
259,5
254,5
10,5
308,5
196,5
219,5
103,5
175,5
26,5
85,5
437,5
178,5
68,5
76,5
64,5
341,5
139,5
12,5
118,5
212,5
156,5
420,5
